timestamp,topology,algorithm,scenario,run_id,host,pcap_file,src_mac,dst_mac,src_ip,dst_ip,proto,src_port,dst_port,length
2026-06-07T08:46:48.808701+00:00,jellyfish,widest_path,switch_down,run_scenario_jellyfish_widest_path_switch_down_20260607_084642,h8,jellyfish/widest_path/switch_down/run_scenario_jellyfish_widest_path_switch_down_20260607_084642/h8.pcap,d6:e8:fc:3e:05:8c,01:80:c2:00:00:0e,,,,,,60
2026-06-07T08:46:50.843489+00:00,jellyfish,widest_path,switch_down,run_scenario_jellyfish_widest_path_switch_down_20260607_084642,h8,jellyfish/widest_path/switch_down/run_scenario_jellyfish_widest_path_switch_down_20260607_084642/h8.pcap,d6:e8:fc:3e:05:8c,01:80:c2:00:00:0e,,,,,,60
2026-06-07T08:46:52.879862+00:00,jellyfish,widest_path,switch_down,run_scenario_jellyfish_widest_path_switch_down_20260607_084642,h8,jellyfish/widest_path/switch_down/run_scenario_jellyfish_widest_path_switch_down_20260607_084642/h8.pcap,d6:e8:fc:3e:05:8c,01:80:c2:00:00:0e,,,,,,60
2026-06-07T08:46:54.919219+00:00,jellyfish,widest_path,switch_down,run_scenario_jellyfish_widest_path_switch_down_20260607_084642,h8,jellyfish/widest_path/switch_down/run_scenario_jellyfish_widest_path_switch_down_20260607_084642/h8.pcap,d6:e8:fc:3e:05:8c,01:80:c2:00:00:0e,,,,,,60
2026-06-07T08:46:56.955641+00:00,jellyfish,widest_path,switch_down,run_scenario_jellyfish_widest_path_switch_down_20260607_084642,h8,jellyfish/widest_path/switch_down/run_scenario_jellyfish_widest_path_switch_down_20260607_084642/h8.pcap,d6:e8:fc:3e:05:8c,01:80:c2:00:00:0e,,,,,,60
2026-06-07T08:46:58.990000+00:00,jellyfish,widest_path,switch_down,run_scenario_jellyfish_widest_path_switch_down_20260607_084642,h8,jellyfish/widest_path/switch_down/run_scenario_jellyfish_widest_path_switch_down_20260607_084642/h8.pcap,d6:e8:fc:3e:05:8c,01:80:c2:00:00:0e,,,,,,60
2026-06-07T08:47:01.028436+00:00,jellyfish,widest_path,switch_down,run_scenario_jellyfish_widest_path_switch_down_20260607_084642,h8,jellyfish/widest_path/switch_down/run_scenario_jellyfish_widest_path_switch_down_20260607_084642/h8.pcap,d6:e8:fc:3e:05:8c,01:80:c2:00:00:0e,,,,,,60
2026-06-07T08:47:03.065432+00:00,jellyfish,widest_path,switch_down,run_scenario_jellyfish_widest_path_switch_down_20260607_084642,h8,jellyfish/widest_path/switch_down/run_scenario_jellyfish_widest_path_switch_down_20260607_084642/h8.pcap,d6:e8:fc:3e:05:8c,01:80:c2:00:00:0e,,,,,,60
2026-06-07T08:47:04.370683+00:00,jellyfish,widest_path,switch_down,run_scenario_jellyfish_widest_path_switch_down_20260607_084642,h8,jellyfish/widest_path/switch_down/run_scenario_jellyfish_widest_path_switch_down_20260607_084642/h8.pcap,d6:e8:fc:3e:05:8c,01:80:c2:00:00:0e,,,,,,60
2026-06-07T08:47:09.860244+00:00,jellyfish,widest_path,switch_down,run_scenario_jellyfish_widest_path_switch_down_20260607_084642,h8,jellyfish/widest_path/switch_down/run_scenario_jellyfish_widest_path_switch_down_20260607_084642/h8.pcap,d6:e8:fc:3e:05:8c,01:80:c2:00:00:0e,,,,,,60
2026-06-07T08:47:11.896660+00:00,jellyfish,widest_path,switch_down,run_scenario_jellyfish_widest_path_switch_down_20260607_084642,h8,jellyfish/widest_path/switch_down/run_scenario_jellyfish_widest_path_switch_down_20260607_084642/h8.pcap,d6:e8:fc:3e:05:8c,01:80:c2:00:00:0e,,,,,,60
2026-06-07T08:47:13.938055+00:00,jellyfish,widest_path,switch_down,run_scenario_jellyfish_widest_path_switch_down_20260607_084642,h8,jellyfish/widest_path/switch_down/run_scenario_jellyfish_widest_path_switch_down_20260607_084642/h8.pcap,d6:e8:fc:3e:05:8c,01:80:c2:00:00:0e,,,,,,60
2026-06-07T08:47:15.975302+00:00,jellyfish,widest_path,switch_down,run_scenario_jellyfish_widest_path_switch_down_20260607_084642,h8,jellyfish/widest_path/switch_down/run_scenario_jellyfish_widest_path_switch_down_20260607_084642/h8.pcap,d6:e8:fc:3e:05:8c,01:80:c2:00:00:0e,,,,,,60
2026-06-07T08:47:18.015542+00:00,jellyfish,widest_path,switch_down,run_scenario_jellyfish_widest_path_switch_down_20260607_084642,h8,jellyfish/widest_path/switch_down/run_scenario_jellyfish_widest_path_switch_down_20260607_084642/h8.pcap,d6:e8:fc:3e:05:8c,01:80:c2:00:00:0e,,,,,,60
2026-06-07T08:47:20.049467+00:00,jellyfish,widest_path,switch_down,run_scenario_jellyfish_widest_path_switch_down_20260607_084642,h8,jellyfish/widest_path/switch_down/run_scenario_jellyfish_widest_path_switch_down_20260607_084642/h8.pcap,d6:e8:fc:3e:05:8c,01:80:c2:00:00:0e,,,,,,60
2026-06-07T08:47:22.082145+00:00,jellyfish,widest_path,switch_down,run_scenario_jellyfish_widest_path_switch_down_20260607_084642,h8,jellyfish/widest_path/switch_down/run_scenario_jellyfish_widest_path_switch_down_20260607_084642/h8.pcap,d6:e8:fc:3e:05:8c,01:80:c2:00:00:0e,,,,,,60
2026-06-07T08:47:24.118474+00:00,jellyfish,widest_path,switch_down,run_scenario_jellyfish_widest_path_switch_down_20260607_084642,h8,jellyfish/widest_path/switch_down/run_scenario_jellyfish_widest_path_switch_down_20260607_084642/h8.pcap,d6:e8:fc:3e:05:8c,01:80:c2:00:00:0e,,,,,,60
2026-06-07T08:47:26.151898+00:00,jellyfish,widest_path,switch_down,run_scenario_jellyfish_widest_path_switch_down_20260607_084642,h8,jellyfish/widest_path/switch_down/run_scenario_jellyfish_widest_path_switch_down_20260607_084642/h8.pcap,d6:e8:fc:3e:05:8c,01:80:c2:00:00:0e,,,,,,60
2026-06-07T08:47:28.186505+00:00,jellyfish,widest_path,switch_down,run_scenario_jellyfish_widest_path_switch_down_20260607_084642,h8,jellyfish/widest_path/switch_down/run_scenario_jellyfish_widest_path_switch_down_20260607_084642/h8.pcap,d6:e8:fc:3e:05:8c,01:80:c2:00:00:0e,,,,,,60
2026-06-07T08:47:30.225853+00:00,jellyfish,widest_path,switch_down,run_scenario_jellyfish_widest_path_switch_down_20260607_084642,h8,jellyfish/widest_path/switch_down/run_scenario_jellyfish_widest_path_switch_down_20260607_084642/h8.pcap,d6:e8:fc:3e:05:8c,01:80:c2:00:00:0e,,,,,,60
2026-06-07T08:47:32.265213+00:00,jellyfish,widest_path,switch_down,run_scenario_jellyfish_widest_path_switch_down_20260607_084642,h8,jellyfish/widest_path/switch_down/run_scenario_jellyfish_widest_path_switch_down_20260607_084642/h8.pcap,d6:e8:fc:3e:05:8c,01:80:c2:00:00:0e,,,,,,60
2026-06-07T08:47:34.302618+00:00,jellyfish,widest_path,switch_down,run_scenario_jellyfish_widest_path_switch_down_20260607_084642,h8,jellyfish/widest_path/switch_down/run_scenario_jellyfish_widest_path_switch_down_20260607_084642/h8.pcap,d6:e8:fc:3e:05:8c,01:80:c2:00:00:0e,,,,,,60
2026-06-07T08:47:36.341797+00:00,jellyfish,widest_path,switch_down,run_scenario_jellyfish_widest_path_switch_down_20260607_084642,h8,jellyfish/widest_path/switch_down/run_scenario_jellyfish_widest_path_switch_down_20260607_084642/h8.pcap,d6:e8:fc:3e:05:8c,01:80:c2:00:00:0e,,,,,,60
2026-06-07T08:47:41.109323+00:00,jellyfish,widest_path,switch_down,run_scenario_jellyfish_widest_path_switch_down_20260607_084642,h8,jellyfish/widest_path/switch_down/run_scenario_jellyfish_widest_path_switch_down_20260607_084642/h8.pcap,d6:e8:fc:3e:05:8c,01:80:c2:00:00:0e,,,,,,60
2026-06-07T08:47:43.142894+00:00,jellyfish,widest_path,switch_down,run_scenario_jellyfish_widest_path_switch_down_20260607_084642,h8,jellyfish/widest_path/switch_down/run_scenario_jellyfish_widest_path_switch_down_20260607_084642/h8.pcap,d6:e8:fc:3e:05:8c,01:80:c2:00:00:0e,,,,,,60
2026-06-07T08:47:45.173496+00:00,jellyfish,widest_path,switch_down,run_scenario_jellyfish_widest_path_switch_down_20260607_084642,h8,jellyfish/widest_path/switch_down/run_scenario_jellyfish_widest_path_switch_down_20260607_084642/h8.pcap,d6:e8:fc:3e:05:8c,01:80:c2:00:00:0e,,,,,,60
2026-06-07T08:47:47.209077+00:00,jellyfish,widest_path,switch_down,run_scenario_jellyfish_widest_path_switch_down_20260607_084642,h8,jellyfish/widest_path/switch_down/run_scenario_jellyfish_widest_path_switch_down_20260607_084642/h8.pcap,d6:e8:fc:3e:05:8c,01:80:c2:00:00:0e,,,,,,60
2026-06-07T08:47:49.243775+00:00,jellyfish,widest_path,switch_down,run_scenario_jellyfish_widest_path_switch_down_20260607_084642,h8,jellyfish/widest_path/switch_down/run_scenario_jellyfish_widest_path_switch_down_20260607_084642/h8.pcap,d6:e8:fc:3e:05:8c,01:80:c2:00:00:0e,,,,,,60
2026-06-07T08:47:51.273421+00:00,jellyfish,widest_path,switch_down,run_scenario_jellyfish_widest_path_switch_down_20260607_084642,h8,jellyfish/widest_path/switch_down/run_scenario_jellyfish_widest_path_switch_down_20260607_084642/h8.pcap,d6:e8:fc:3e:05:8c,01:80:c2:00:00:0e,,,,,,60
2026-06-07T08:47:53.311010+00:00,jellyfish,widest_path,switch_down,run_scenario_jellyfish_widest_path_switch_down_20260607_084642,h8,jellyfish/widest_path/switch_down/run_scenario_jellyfish_widest_path_switch_down_20260607_084642/h8.pcap,d6:e8:fc:3e:05:8c,01:80:c2:00:00:0e,,,,,,60
2026-06-07T08:47:55.347684+00:00,jellyfish,widest_path,switch_down,run_scenario_jellyfish_widest_path_switch_down_20260607_084642,h8,jellyfish/widest_path/switch_down/run_scenario_jellyfish_widest_path_switch_down_20260607_084642/h8.pcap,d6:e8:fc:3e:05:8c,01:80:c2:00:00:0e,,,,,,60
2026-06-07T08:47:57.382365+00:00,jellyfish,widest_path,switch_down,run_scenario_jellyfish_widest_path_switch_down_20260607_084642,h8,jellyfish/widest_path/switch_down/run_scenario_jellyfish_widest_path_switch_down_20260607_084642/h8.pcap,d6:e8:fc:3e:05:8c,01:80:c2:00:00:0e,,,,,,60
2026-06-07T08:47:59.423379+00:00,jellyfish,widest_path,switch_down,run_scenario_jellyfish_widest_path_switch_down_20260607_084642,h8,jellyfish/widest_path/switch_down/run_scenario_jellyfish_widest_path_switch_down_20260607_084642/h8.pcap,d6:e8:fc:3e:05:8c,01:80:c2:00:00:0e,,,,,,60
2026-06-07T08:48:01.460043+00:00,jellyfish,widest_path,switch_down,run_scenario_jellyfish_widest_path_switch_down_20260607_084642,h8,jellyfish/widest_path/switch_down/run_scenario_jellyfish_widest_path_switch_down_20260607_084642/h8.pcap,d6:e8:fc:3e:05:8c,01:80:c2:00:00:0e,,,,,,60
2026-06-07T08:48:03.497539+00:00,jellyfish,widest_path,switch_down,run_scenario_jellyfish_widest_path_switch_down_20260607_084642,h8,jellyfish/widest_path/switch_down/run_scenario_jellyfish_widest_path_switch_down_20260607_084642/h8.pcap,d6:e8:fc:3e:05:8c,01:80:c2:00:00:0e,,,,,,60
2026-06-07T08:48:05.534444+00:00,jellyfish,widest_path,switch_down,run_scenario_jellyfish_widest_path_switch_down_20260607_084642,h8,jellyfish/widest_path/switch_down/run_scenario_jellyfish_widest_path_switch_down_20260607_084642/h8.pcap,d6:e8:fc:3e:05:8c,01:80:c2:00:00:0e,,,,,,60
2026-06-07T08:48:07.565285+00:00,jellyfish,widest_path,switch_down,run_scenario_jellyfish_widest_path_switch_down_20260607_084642,h8,jellyfish/widest_path/switch_down/run_scenario_jellyfish_widest_path_switch_down_20260607_084642/h8.pcap,d6:e8:fc:3e:05:8c,01:80:c2:00:00:0e,,,,,,60
2026-06-07T08:48:09.595734+00:00,jellyfish,widest_path,switch_down,run_scenario_jellyfish_widest_path_switch_down_20260607_084642,h8,jellyfish/widest_path/switch_down/run_scenario_jellyfish_widest_path_switch_down_20260607_084642/h8.pcap,d6:e8:fc:3e:05:8c,01:80:c2:00:00:0e,,,,,,60
2026-06-07T08:48:14.350881+00:00,jellyfish,widest_path,switch_down,run_scenario_jellyfish_widest_path_switch_down_20260607_084642,h8,jellyfish/widest_path/switch_down/run_scenario_jellyfish_widest_path_switch_down_20260607_084642/h8.pcap,d6:e8:fc:3e:05:8c,01:80:c2:00:00:0e,,,,,,60
2026-06-07T08:48:16.382704+00:00,jellyfish,widest_path,switch_down,run_scenario_jellyfish_widest_path_switch_down_20260607_084642,h8,jellyfish/widest_path/switch_down/run_scenario_jellyfish_widest_path_switch_down_20260607_084642/h8.pcap,d6:e8:fc:3e:05:8c,01:80:c2:00:00:0e,,,,,,60
2026-06-07T08:48:18.412990+00:00,jellyfish,widest_path,switch_down,run_scenario_jellyfish_widest_path_switch_down_20260607_084642,h8,jellyfish/widest_path/switch_down/run_scenario_jellyfish_widest_path_switch_down_20260607_084642/h8.pcap,d6:e8:fc:3e:05:8c,01:80:c2:00:00:0e,,,,,,60
2026-06-07T08:48:20.447267+00:00,jellyfish,widest_path,switch_down,run_scenario_jellyfish_widest_path_switch_down_20260607_084642,h8,jellyfish/widest_path/switch_down/run_scenario_jellyfish_widest_path_switch_down_20260607_084642/h8.pcap,d6:e8:fc:3e:05:8c,01:80:c2:00:00:0e,,,,,,60
2026-06-07T08:48:22.479113+00:00,jellyfish,widest_path,switch_down,run_scenario_jellyfish_widest_path_switch_down_20260607_084642,h8,jellyfish/widest_path/switch_down/run_scenario_jellyfish_widest_path_switch_down_20260607_084642/h8.pcap,d6:e8:fc:3e:05:8c,01:80:c2:00:00:0e,,,,,,60
2026-06-07T08:48:24.515595+00:00,jellyfish,widest_path,switch_down,run_scenario_jellyfish_widest_path_switch_down_20260607_084642,h8,jellyfish/widest_path/switch_down/run_scenario_jellyfish_widest_path_switch_down_20260607_084642/h8.pcap,d6:e8:fc:3e:05:8c,01:80:c2:00:00:0e,,,,,,60
2026-06-07T08:48:26.555546+00:00,jellyfish,widest_path,switch_down,run_scenario_jellyfish_widest_path_switch_down_20260607_084642,h8,jellyfish/widest_path/switch_down/run_scenario_jellyfish_widest_path_switch_down_20260607_084642/h8.pcap,d6:e8:fc:3e:05:8c,01:80:c2:00:00:0e,,,,,,60
2026-06-07T08:48:28.595307+00:00,jellyfish,widest_path,switch_down,run_scenario_jellyfish_widest_path_switch_down_20260607_084642,h8,jellyfish/widest_path/switch_down/run_scenario_jellyfish_widest_path_switch_down_20260607_084642/h8.pcap,d6:e8:fc:3e:05:8c,01:80:c2:00:00:0e,,,,,,60
2026-06-07T08:48:30.636586+00:00,jellyfish,widest_path,switch_down,run_scenario_jellyfish_widest_path_switch_down_20260607_084642,h8,jellyfish/widest_path/switch_down/run_scenario_jellyfish_widest_path_switch_down_20260607_084642/h8.pcap,d6:e8:fc:3e:05:8c,01:80:c2:00:00:0e,,,,,,60
2026-06-07T08:48:32.676012+00:00,jellyfish,widest_path,switch_down,run_scenario_jellyfish_widest_path_switch_down_20260607_084642,h8,jellyfish/widest_path/switch_down/run_scenario_jellyfish_widest_path_switch_down_20260607_084642/h8.pcap,d6:e8:fc:3e:05:8c,01:80:c2:00:00:0e,,,,,,60
2026-06-07T08:48:34.716009+00:00,jellyfish,widest_path,switch_down,run_scenario_jellyfish_widest_path_switch_down_20260607_084642,h8,jellyfish/widest_path/switch_down/run_scenario_jellyfish_widest_path_switch_down_20260607_084642/h8.pcap,d6:e8:fc:3e:05:8c,01:80:c2:00:00:0e,,,,,,60
2026-06-07T08:48:36.753430+00:00,jellyfish,widest_path,switch_down,run_scenario_jellyfish_widest_path_switch_down_20260607_084642,h8,jellyfish/widest_path/switch_down/run_scenario_jellyfish_widest_path_switch_down_20260607_084642/h8.pcap,d6:e8:fc:3e:05:8c,01:80:c2:00:00:0e,,,,,,60
2026-06-07T08:48:38.785171+00:00,jellyfish,widest_path,switch_down,run_scenario_jellyfish_widest_path_switch_down_20260607_084642,h8,jellyfish/widest_path/switch_down/run_scenario_jellyfish_widest_path_switch_down_20260607_084642/h8.pcap,d6:e8:fc:3e:05:8c,01:80:c2:00:00:0e,,,,,,60
2026-06-07T08:48:40.815231+00:00,jellyfish,widest_path,switch_down,run_scenario_jellyfish_widest_path_switch_down_20260607_084642,h8,jellyfish/widest_path/switch_down/run_scenario_jellyfish_widest_path_switch_down_20260607_084642/h8.pcap,d6:e8:fc:3e:05:8c,01:80:c2:00:00:0e,,,,,,60
2026-06-07T08:48:42.847710+00:00,jellyfish,widest_path,switch_down,run_scenario_jellyfish_widest_path_switch_down_20260607_084642,h8,jellyfish/widest_path/switch_down/run_scenario_jellyfish_widest_path_switch_down_20260607_084642/h8.pcap,d6:e8:fc:3e:05:8c,01:80:c2:00:00:0e,,,,,,60
2026-06-07T08:48:47.604401+00:00,jellyfish,widest_path,switch_down,run_scenario_jellyfish_widest_path_switch_down_20260607_084642,h8,jellyfish/widest_path/switch_down/run_scenario_jellyfish_widest_path_switch_down_20260607_084642/h8.pcap,d6:e8:fc:3e:05:8c,01:80:c2:00:00:0e,,,,,,60
2026-06-07T08:48:49.637010+00:00,jellyfish,widest_path,switch_down,run_scenario_jellyfish_widest_path_switch_down_20260607_084642,h8,jellyfish/widest_path/switch_down/run_scenario_jellyfish_widest_path_switch_down_20260607_084642/h8.pcap,d6:e8:fc:3e:05:8c,01:80:c2:00:00:0e,,,,,,60
2026-06-07T08:48:51.668760+00:00,jellyfish,widest_path,switch_down,run_scenario_jellyfish_widest_path_switch_down_20260607_084642,h8,jellyfish/widest_path/switch_down/run_scenario_jellyfish_widest_path_switch_down_20260607_084642/h8.pcap,d6:e8:fc:3e:05:8c,01:80:c2:00:00:0e,,,,,,60
2026-06-07T08:48:53.698094+00:00,jellyfish,widest_path,switch_down,run_scenario_jellyfish_widest_path_switch_down_20260607_084642,h8,jellyfish/widest_path/switch_down/run_scenario_jellyfish_widest_path_switch_down_20260607_084642/h8.pcap,d6:e8:fc:3e:05:8c,01:80:c2:00:00:0e,,,,,,60
2026-06-07T08:48:55.730600+00:00,jellyfish,widest_path,switch_down,run_scenario_jellyfish_widest_path_switch_down_20260607_084642,h8,jellyfish/widest_path/switch_down/run_scenario_jellyfish_widest_path_switch_down_20260607_084642/h8.pcap,d6:e8:fc:3e:05:8c,01:80:c2:00:00:0e,,,,,,60
2026-06-07T08:48:57.761828+00:00,jellyfish,widest_path,switch_down,run_scenario_jellyfish_widest_path_switch_down_20260607_084642,h8,jellyfish/widest_path/switch_down/run_scenario_jellyfish_widest_path_switch_down_20260607_084642/h8.pcap,d6:e8:fc:3e:05:8c,01:80:c2:00:00:0e,,,,,,60
2026-06-07T08:48:59.794381+00:00,jellyfish,widest_path,switch_down,run_scenario_jellyfish_widest_path_switch_down_20260607_084642,h8,jellyfish/widest_path/switch_down/run_scenario_jellyfish_widest_path_switch_down_20260607_084642/h8.pcap,d6:e8:fc:3e:05:8c,01:80:c2:00:00:0e,,,,,,60
2026-06-07T08:49:01.830751+00:00,jellyfish,widest_path,switch_down,run_scenario_jellyfish_widest_path_switch_down_20260607_084642,h8,jellyfish/widest_path/switch_down/run_scenario_jellyfish_widest_path_switch_down_20260607_084642/h8.pcap,d6:e8:fc:3e:05:8c,01:80:c2:00:00:0e,,,,,,60
2026-06-07T08:49:03.862026+00:00,jellyfish,widest_path,switch_down,run_scenario_jellyfish_widest_path_switch_down_20260607_084642,h8,jellyfish/widest_path/switch_down/run_scenario_jellyfish_widest_path_switch_down_20260607_084642/h8.pcap,d6:e8:fc:3e:05:8c,01:80:c2:00:00:0e,,,,,,60
2026-06-07T08:49:05.898479+00:00,jellyfish,widest_path,switch_down,run_scenario_jellyfish_widest_path_switch_down_20260607_084642,h8,jellyfish/widest_path/switch_down/run_scenario_jellyfish_widest_path_switch_down_20260607_084642/h8.pcap,d6:e8:fc:3e:05:8c,01:80:c2:00:00:0e,,,,,,60
2026-06-07T08:49:07.930257+00:00,jellyfish,widest_path,switch_down,run_scenario_jellyfish_widest_path_switch_down_20260607_084642,h8,jellyfish/widest_path/switch_down/run_scenario_jellyfish_widest_path_switch_down_20260607_084642/h8.pcap,d6:e8:fc:3e:05:8c,01:80:c2:00:00:0e,,,,,,60
2026-06-07T08:49:09.966034+00:00,jellyfish,widest_path,switch_down,run_scenario_jellyfish_widest_path_switch_down_20260607_084642,h8,jellyfish/widest_path/switch_down/run_scenario_jellyfish_widest_path_switch_down_20260607_084642/h8.pcap,d6:e8:fc:3e:05:8c,01:80:c2:00:00:0e,,,,,,60
2026-06-07T08:49:11.999695+00:00,jellyfish,widest_path,switch_down,run_scenario_jellyfish_widest_path_switch_down_20260607_084642,h8,jellyfish/widest_path/switch_down/run_scenario_jellyfish_widest_path_switch_down_20260607_084642/h8.pcap,d6:e8:fc:3e:05:8c,01:80:c2:00:00:0e,,,,,,60
2026-06-07T08:49:14.036182+00:00,jellyfish,widest_path,switch_down,run_scenario_jellyfish_widest_path_switch_down_20260607_084642,h8,jellyfish/widest_path/switch_down/run_scenario_jellyfish_widest_path_switch_down_20260607_084642/h8.pcap,d6:e8:fc:3e:05:8c,01:80:c2:00:00:0e,,,,,,60
2026-06-07T08:49:15.343498+00:00,jellyfish,widest_path,switch_down,run_scenario_jellyfish_widest_path_switch_down_20260607_084642,h8,jellyfish/widest_path/switch_down/run_scenario_jellyfish_widest_path_switch_down_20260607_084642/h8.pcap,d6:e8:fc:3e:05:8c,01:80:c2:00:00:0e,,,,,,60
2026-06-07T08:49:20.803286+00:00,jellyfish,widest_path,switch_down,run_scenario_jellyfish_widest_path_switch_down_20260607_084642,h8,jellyfish/widest_path/switch_down/run_scenario_jellyfish_widest_path_switch_down_20260607_084642/h8.pcap,d6:e8:fc:3e:05:8c,01:80:c2:00:00:0e,,,,,,60
2026-06-07T08:49:22.832460+00:00,jellyfish,widest_path,switch_down,run_scenario_jellyfish_widest_path_switch_down_20260607_084642,h8,jellyfish/widest_path/switch_down/run_scenario_jellyfish_widest_path_switch_down_20260607_084642/h8.pcap,d6:e8:fc:3e:05:8c,01:80:c2:00:00:0e,,,,,,60
2026-06-07T08:49:24.863539+00:00,jellyfish,widest_path,switch_down,run_scenario_jellyfish_widest_path_switch_down_20260607_084642,h8,jellyfish/widest_path/switch_down/run_scenario_jellyfish_widest_path_switch_down_20260607_084642/h8.pcap,d6:e8:fc:3e:05:8c,01:80:c2:00:00:0e,,,,,,60
2026-06-07T08:49:26.893834+00:00,jellyfish,widest_path,switch_down,run_scenario_jellyfish_widest_path_switch_down_20260607_084642,h8,jellyfish/widest_path/switch_down/run_scenario_jellyfish_widest_path_switch_down_20260607_084642/h8.pcap,d6:e8:fc:3e:05:8c,01:80:c2:00:00:0e,,,,,,60
2026-06-07T08:49:28.925043+00:00,jellyfish,widest_path,switch_down,run_scenario_jellyfish_widest_path_switch_down_20260607_084642,h8,jellyfish/widest_path/switch_down/run_scenario_jellyfish_widest_path_switch_down_20260607_084642/h8.pcap,d6:e8:fc:3e:05:8c,01:80:c2:00:00:0e,,,,,,60
2026-06-07T08:49:30.955558+00:00,jellyfish,widest_path,switch_down,run_scenario_jellyfish_widest_path_switch_down_20260607_084642,h8,jellyfish/widest_path/switch_down/run_scenario_jellyfish_widest_path_switch_down_20260607_084642/h8.pcap,d6:e8:fc:3e:05:8c,01:80:c2:00:00:0e,,,,,,60
2026-06-07T08:49:32.986286+00:00,jellyfish,widest_path,switch_down,run_scenario_jellyfish_widest_path_switch_down_20260607_084642,h8,jellyfish/widest_path/switch_down/run_scenario_jellyfish_widest_path_switch_down_20260607_084642/h8.pcap,d6:e8:fc:3e:05:8c,01:80:c2:00:00:0e,,,,,,60
2026-06-07T08:49:35.016415+00:00,jellyfish,widest_path,switch_down,run_scenario_jellyfish_widest_path_switch_down_20260607_084642,h8,jellyfish/widest_path/switch_down/run_scenario_jellyfish_widest_path_switch_down_20260607_084642/h8.pcap,d6:e8:fc:3e:05:8c,01:80:c2:00:00:0e,,,,,,60
2026-06-07T08:49:37.051344+00:00,jellyfish,widest_path,switch_down,run_scenario_jellyfish_widest_path_switch_down_20260607_084642,h8,jellyfish/widest_path/switch_down/run_scenario_jellyfish_widest_path_switch_down_20260607_084642/h8.pcap,d6:e8:fc:3e:05:8c,01:80:c2:00:00:0e,,,,,,60
2026-06-07T08:49:39.083415+00:00,jellyfish,widest_path,switch_down,run_scenario_jellyfish_widest_path_switch_down_20260607_084642,h8,jellyfish/widest_path/switch_down/run_scenario_jellyfish_widest_path_switch_down_20260607_084642/h8.pcap,d6:e8:fc:3e:05:8c,01:80:c2:00:00:0e,,,,,,60
2026-06-07T08:49:41.114457+00:00,jellyfish,widest_path,switch_down,run_scenario_jellyfish_widest_path_switch_down_20260607_084642,h8,jellyfish/widest_path/switch_down/run_scenario_jellyfish_widest_path_switch_down_20260607_084642/h8.pcap,d6:e8:fc:3e:05:8c,01:80:c2:00:00:0e,,,,,,60
2026-06-07T08:49:43.150006+00:00,jellyfish,widest_path,switch_down,run_scenario_jellyfish_widest_path_switch_down_20260607_084642,h8,jellyfish/widest_path/switch_down/run_scenario_jellyfish_widest_path_switch_down_20260607_084642/h8.pcap,d6:e8:fc:3e:05:8c,01:80:c2:00:00:0e,,,,,,60
2026-06-07T08:49:45.188174+00:00,jellyfish,widest_path,switch_down,run_scenario_jellyfish_widest_path_switch_down_20260607_084642,h8,jellyfish/widest_path/switch_down/run_scenario_jellyfish_widest_path_switch_down_20260607_084642/h8.pcap,d6:e8:fc:3e:05:8c,01:80:c2:00:00:0e,,,,,,60
2026-06-07T08:49:47.218454+00:00,jellyfish,widest_path,switch_down,run_scenario_jellyfish_widest_path_switch_down_20260607_084642,h8,jellyfish/widest_path/switch_down/run_scenario_jellyfish_widest_path_switch_down_20260607_084642/h8.pcap,d6:e8:fc:3e:05:8c,01:80:c2:00:00:0e,,,,,,60
2026-06-07T08:49:52.007508+00:00,jellyfish,widest_path,switch_down,run_scenario_jellyfish_widest_path_switch_down_20260607_084642,h8,jellyfish/widest_path/switch_down/run_scenario_jellyfish_widest_path_switch_down_20260607_084642/h8.pcap,d6:e8:fc:3e:05:8c,01:80:c2:00:00:0e,,,,,,60
2026-06-07T08:49:54.040489+00:00,jellyfish,widest_path,switch_down,run_scenario_jellyfish_widest_path_switch_down_20260607_084642,h8,jellyfish/widest_path/switch_down/run_scenario_jellyfish_widest_path_switch_down_20260607_084642/h8.pcap,d6:e8:fc:3e:05:8c,01:80:c2:00:00:0e,,,,,,60
2026-06-07T08:49:56.077415+00:00,jellyfish,widest_path,switch_down,run_scenario_jellyfish_widest_path_switch_down_20260607_084642,h8,jellyfish/widest_path/switch_down/run_scenario_jellyfish_widest_path_switch_down_20260607_084642/h8.pcap,d6:e8:fc:3e:05:8c,01:80:c2:00:00:0e,,,,,,60
2026-06-07T08:49:58.107700+00:00,jellyfish,widest_path,switch_down,run_scenario_jellyfish_widest_path_switch_down_20260607_084642,h8,jellyfish/widest_path/switch_down/run_scenario_jellyfish_widest_path_switch_down_20260607_084642/h8.pcap,d6:e8:fc:3e:05:8c,01:80:c2:00:00:0e,,,,,,60
2026-06-07T08:50:00.139504+00:00,jellyfish,widest_path,switch_down,run_scenario_jellyfish_widest_path_switch_down_20260607_084642,h8,jellyfish/widest_path/switch_down/run_scenario_jellyfish_widest_path_switch_down_20260607_084642/h8.pcap,d6:e8:fc:3e:05:8c,01:80:c2:00:00:0e,,,,,,60
2026-06-07T08:50:02.173961+00:00,jellyfish,widest_path,switch_down,run_scenario_jellyfish_widest_path_switch_down_20260607_084642,h8,jellyfish/widest_path/switch_down/run_scenario_jellyfish_widest_path_switch_down_20260607_084642/h8.pcap,d6:e8:fc:3e:05:8c,01:80:c2:00:00:0e,,,,,,60
2026-06-07T08:50:04.210228+00:00,jellyfish,widest_path,switch_down,run_scenario_jellyfish_widest_path_switch_down_20260607_084642,h8,jellyfish/widest_path/switch_down/run_scenario_jellyfish_widest_path_switch_down_20260607_084642/h8.pcap,d6:e8:fc:3e:05:8c,01:80:c2:00:00:0e,,,,,,60
2026-06-07T08:50:06.242308+00:00,jellyfish,widest_path,switch_down,run_scenario_jellyfish_widest_path_switch_down_20260607_084642,h8,jellyfish/widest_path/switch_down/run_scenario_jellyfish_widest_path_switch_down_20260607_084642/h8.pcap,d6:e8:fc:3e:05:8c,01:80:c2:00:00:0e,,,,,,60
2026-06-07T08:50:08.279446+00:00,jellyfish,widest_path,switch_down,run_scenario_jellyfish_widest_path_switch_down_20260607_084642,h8,jellyfish/widest_path/switch_down/run_scenario_jellyfish_widest_path_switch_down_20260607_084642/h8.pcap,d6:e8:fc:3e:05:8c,01:80:c2:00:00:0e,,,,,,60
2026-06-07T08:50:10.312431+00:00,jellyfish,widest_path,switch_down,run_scenario_jellyfish_widest_path_switch_down_20260607_084642,h8,jellyfish/widest_path/switch_down/run_scenario_jellyfish_widest_path_switch_down_20260607_084642/h8.pcap,d6:e8:fc:3e:05:8c,01:80:c2:00:00:0e,,,,,,60
2026-06-07T08:50:12.350466+00:00,jellyfish,widest_path,switch_down,run_scenario_jellyfish_widest_path_switch_down_20260607_084642,h8,jellyfish/widest_path/switch_down/run_scenario_jellyfish_widest_path_switch_down_20260607_084642/h8.pcap,d6:e8:fc:3e:05:8c,01:80:c2:00:00:0e,,,,,,60
2026-06-07T08:50:14.380761+00:00,jellyfish,widest_path,switch_down,run_scenario_jellyfish_widest_path_switch_down_20260607_084642,h8,jellyfish/widest_path/switch_down/run_scenario_jellyfish_widest_path_switch_down_20260607_084642/h8.pcap,d6:e8:fc:3e:05:8c,01:80:c2:00:00:0e,,,,,,60
2026-06-07T08:50:16.415741+00:00,jellyfish,widest_path,switch_down,run_scenario_jellyfish_widest_path_switch_down_20260607_084642,h8,jellyfish/widest_path/switch_down/run_scenario_jellyfish_widest_path_switch_down_20260607_084642/h8.pcap,d6:e8:fc:3e:05:8c,01:80:c2:00:00:0e,,,,,,60
2026-06-07T08:50:18.453266+00:00,jellyfish,widest_path,switch_down,run_scenario_jellyfish_widest_path_switch_down_20260607_084642,h8,jellyfish/widest_path/switch_down/run_scenario_jellyfish_widest_path_switch_down_20260607_084642/h8.pcap,d6:e8:fc:3e:05:8c,01:80:c2:00:00:0e,,,,,,60
2026-06-07T08:50:20.491208+00:00,jellyfish,widest_path,switch_down,run_scenario_jellyfish_widest_path_switch_down_20260607_084642,h8,jellyfish/widest_path/switch_down/run_scenario_jellyfish_widest_path_switch_down_20260607_084642/h8.pcap,d6:e8:fc:3e:05:8c,01:80:c2:00:00:0e,,,,,,60
2026-06-07T08:50:25.249816+00:00,jellyfish,widest_path,switch_down,run_scenario_jellyfish_widest_path_switch_down_20260607_084642,h8,jellyfish/widest_path/switch_down/run_scenario_jellyfish_widest_path_switch_down_20260607_084642/h8.pcap,d6:e8:fc:3e:05:8c,01:80:c2:00:00:0e,,,,,,60
2026-06-07T08:50:27.283499+00:00,jellyfish,widest_path,switch_down,run_scenario_jellyfish_widest_path_switch_down_20260607_084642,h8,jellyfish/widest_path/switch_down/run_scenario_jellyfish_widest_path_switch_down_20260607_084642/h8.pcap,d6:e8:fc:3e:05:8c,01:80:c2:00:00:0e,,,,,,60
2026-06-07T08:50:29.317426+00:00,jellyfish,widest_path,switch_down,run_scenario_jellyfish_widest_path_switch_down_20260607_084642,h8,jellyfish/widest_path/switch_down/run_scenario_jellyfish_widest_path_switch_down_20260607_084642/h8.pcap,d6:e8:fc:3e:05:8c,01:80:c2:00:00:0e,,,,,,60
2026-06-07T08:50:31.354354+00:00,jellyfish,widest_path,switch_down,run_scenario_jellyfish_widest_path_switch_down_20260607_084642,h8,jellyfish/widest_path/switch_down/run_scenario_jellyfish_widest_path_switch_down_20260607_084642/h8.pcap,d6:e8:fc:3e:05:8c,01:80:c2:00:00:0e,,,,,,60
2026-06-07T08:50:33.389342+00:00,jellyfish,widest_path,switch_down,run_scenario_jellyfish_widest_path_switch_down_20260607_084642,h8,jellyfish/widest_path/switch_down/run_scenario_jellyfish_widest_path_switch_down_20260607_084642/h8.pcap,d6:e8:fc:3e:05:8c,01:80:c2:00:00:0e,,,,,,60
2026-06-07T08:50:35.424022+00:00,jellyfish,widest_path,switch_down,run_scenario_jellyfish_widest_path_switch_down_20260607_084642,h8,jellyfish/widest_path/switch_down/run_scenario_jellyfish_widest_path_switch_down_20260607_084642/h8.pcap,d6:e8:fc:3e:05:8c,01:80:c2:00:00:0e,,,,,,60
2026-06-07T08:50:37.454975+00:00,jellyfish,widest_path,switch_down,run_scenario_jellyfish_widest_path_switch_down_20260607_084642,h8,jellyfish/widest_path/switch_down/run_scenario_jellyfish_widest_path_switch_down_20260607_084642/h8.pcap,d6:e8:fc:3e:05:8c,01:80:c2:00:00:0e,,,,,,60
2026-06-07T08:50:39.491924+00:00,jellyfish,widest_path,switch_down,run_scenario_jellyfish_widest_path_switch_down_20260607_084642,h8,jellyfish/widest_path/switch_down/run_scenario_jellyfish_widest_path_switch_down_20260607_084642/h8.pcap,d6:e8:fc:3e:05:8c,01:80:c2:00:00:0e,,,,,,60
2026-06-07T08:50:41.535546+00:00,jellyfish,widest_path,switch_down,run_scenario_jellyfish_widest_path_switch_down_20260607_084642,h8,jellyfish/widest_path/switch_down/run_scenario_jellyfish_widest_path_switch_down_20260607_084642/h8.pcap,d6:e8:fc:3e:05:8c,01:80:c2:00:00:0e,,,,,,60
2026-06-07T08:50:43.575935+00:00,jellyfish,widest_path,switch_down,run_scenario_jellyfish_widest_path_switch_down_20260607_084642,h8,jellyfish/widest_path/switch_down/run_scenario_jellyfish_widest_path_switch_down_20260607_084642/h8.pcap,d6:e8:fc:3e:05:8c,01:80:c2:00:00:0e,,,,,,60
2026-06-07T08:50:45.612557+00:00,jellyfish,widest_path,switch_down,run_scenario_jellyfish_widest_path_switch_down_20260607_084642,h8,jellyfish/widest_path/switch_down/run_scenario_jellyfish_widest_path_switch_down_20260607_084642/h8.pcap,d6:e8:fc:3e:05:8c,01:80:c2:00:00:0e,,,,,,60
2026-06-07T08:50:47.650882+00:00,jellyfish,widest_path,switch_down,run_scenario_jellyfish_widest_path_switch_down_20260607_084642,h8,jellyfish/widest_path/switch_down/run_scenario_jellyfish_widest_path_switch_down_20260607_084642/h8.pcap,d6:e8:fc:3e:05:8c,01:80:c2:00:00:0e,,,,,,60
2026-06-07T08:50:49.685242+00:00,jellyfish,widest_path,switch_down,run_scenario_jellyfish_widest_path_switch_down_20260607_084642,h8,jellyfish/widest_path/switch_down/run_scenario_jellyfish_widest_path_switch_down_20260607_084642/h8.pcap,d6:e8:fc:3e:05:8c,01:80:c2:00:00:0e,,,,,,60
2026-06-07T08:50:51.725340+00:00,jellyfish,widest_path,switch_down,run_scenario_jellyfish_widest_path_switch_down_20260607_084642,h8,jellyfish/widest_path/switch_down/run_scenario_jellyfish_widest_path_switch_down_20260607_084642/h8.pcap,d6:e8:fc:3e:05:8c,01:80:c2:00:00:0e,,,,,,60
2026-06-07T08:50:53.761949+00:00,jellyfish,widest_path,switch_down,run_scenario_jellyfish_widest_path_switch_down_20260607_084642,h8,jellyfish/widest_path/switch_down/run_scenario_jellyfish_widest_path_switch_down_20260607_084642/h8.pcap,d6:e8:fc:3e:05:8c,01:80:c2:00:00:0e,,,,,,60
2026-06-07T08:50:58.524053+00:00,jellyfish,widest_path,switch_down,run_scenario_jellyfish_widest_path_switch_down_20260607_084642,h8,jellyfish/widest_path/switch_down/run_scenario_jellyfish_widest_path_switch_down_20260607_084642/h8.pcap,d6:e8:fc:3e:05:8c,01:80:c2:00:00:0e,,,,,,60
2026-06-07T08:51:00.554310+00:00,jellyfish,widest_path,switch_down,run_scenario_jellyfish_widest_path_switch_down_20260607_084642,h8,jellyfish/widest_path/switch_down/run_scenario_jellyfish_widest_path_switch_down_20260607_084642/h8.pcap,d6:e8:fc:3e:05:8c,01:80:c2:00:00:0e,,,,,,60
2026-06-07T08:51:02.591545+00:00,jellyfish,widest_path,switch_down,run_scenario_jellyfish_widest_path_switch_down_20260607_084642,h8,jellyfish/widest_path/switch_down/run_scenario_jellyfish_widest_path_switch_down_20260607_084642/h8.pcap,d6:e8:fc:3e:05:8c,01:80:c2:00:00:0e,,,,,,60
2026-06-07T08:51:04.625423+00:00,jellyfish,widest_path,switch_down,run_scenario_jellyfish_widest_path_switch_down_20260607_084642,h8,jellyfish/widest_path/switch_down/run_scenario_jellyfish_widest_path_switch_down_20260607_084642/h8.pcap,d6:e8:fc:3e:05:8c,01:80:c2:00:00:0e,,,,,,60
2026-06-07T08:51:06.658872+00:00,jellyfish,widest_path,switch_down,run_scenario_jellyfish_widest_path_switch_down_20260607_084642,h8,jellyfish/widest_path/switch_down/run_scenario_jellyfish_widest_path_switch_down_20260607_084642/h8.pcap,d6:e8:fc:3e:05:8c,01:80:c2:00:00:0e,,,,,,60
2026-06-07T08:51:08.689359+00:00,jellyfish,widest_path,switch_down,run_scenario_jellyfish_widest_path_switch_down_20260607_084642,h8,jellyfish/widest_path/switch_down/run_scenario_jellyfish_widest_path_switch_down_20260607_084642/h8.pcap,d6:e8:fc:3e:05:8c,01:80:c2:00:00:0e,,,,,,60
2026-06-07T08:51:10.722805+00:00,jellyfish,widest_path,switch_down,run_scenario_jellyfish_widest_path_switch_down_20260607_084642,h8,jellyfish/widest_path/switch_down/run_scenario_jellyfish_widest_path_switch_down_20260607_084642/h8.pcap,d6:e8:fc:3e:05:8c,01:80:c2:00:00:0e,,,,,,60
2026-06-07T08:51:12.760531+00:00,jellyfish,widest_path,switch_down,run_scenario_jellyfish_widest_path_switch_down_20260607_084642,h8,jellyfish/widest_path/switch_down/run_scenario_jellyfish_widest_path_switch_down_20260607_084642/h8.pcap,d6:e8:fc:3e:05:8c,01:80:c2:00:00:0e,,,,,,60
2026-06-07T08:51:14.797233+00:00,jellyfish,widest_path,switch_down,run_scenario_jellyfish_widest_path_switch_down_20260607_084642,h8,jellyfish/widest_path/switch_down/run_scenario_jellyfish_widest_path_switch_down_20260607_084642/h8.pcap,d6:e8:fc:3e:05:8c,01:80:c2:00:00:0e,,,,,,60
2026-06-07T08:51:16.835771+00:00,jellyfish,widest_path,switch_down,run_scenario_jellyfish_widest_path_switch_down_20260607_084642,h8,jellyfish/widest_path/switch_down/run_scenario_jellyfish_widest_path_switch_down_20260607_084642/h8.pcap,d6:e8:fc:3e:05:8c,01:80:c2:00:00:0e,,,,,,60
2026-06-07T08:51:18.868502+00:00,jellyfish,widest_path,switch_down,run_scenario_jellyfish_widest_path_switch_down_20260607_084642,h8,jellyfish/widest_path/switch_down/run_scenario_jellyfish_widest_path_switch_down_20260607_084642/h8.pcap,d6:e8:fc:3e:05:8c,01:80:c2:00:00:0e,,,,,,60
2026-06-07T08:51:20.910047+00:00,jellyfish,widest_path,switch_down,run_scenario_jellyfish_widest_path_switch_down_20260607_084642,h8,jellyfish/widest_path/switch_down/run_scenario_jellyfish_widest_path_switch_down_20260607_084642/h8.pcap,d6:e8:fc:3e:05:8c,01:80:c2:00:00:0e,,,,,,60
2026-06-07T08:51:22.940717+00:00,jellyfish,widest_path,switch_down,run_scenario_jellyfish_widest_path_switch_down_20260607_084642,h8,jellyfish/widest_path/switch_down/run_scenario_jellyfish_widest_path_switch_down_20260607_084642/h8.pcap,d6:e8:fc:3e:05:8c,01:80:c2:00:00:0e,,,,,,60
2026-06-07T08:51:24.973888+00:00,jellyfish,widest_path,switch_down,run_scenario_jellyfish_widest_path_switch_down_20260607_084642,h8,jellyfish/widest_path/switch_down/run_scenario_jellyfish_widest_path_switch_down_20260607_084642/h8.pcap,d6:e8:fc:3e:05:8c,01:80:c2:00:00:0e,,,,,,60
2026-06-07T08:51:29.739916+00:00,jellyfish,widest_path,switch_down,run_scenario_jellyfish_widest_path_switch_down_20260607_084642,h8,jellyfish/widest_path/switch_down/run_scenario_jellyfish_widest_path_switch_down_20260607_084642/h8.pcap,d6:e8:fc:3e:05:8c,01:80:c2:00:00:0e,,,,,,60
2026-06-07T08:51:31.774378+00:00,jellyfish,widest_path,switch_down,run_scenario_jellyfish_widest_path_switch_down_20260607_084642,h8,jellyfish/widest_path/switch_down/run_scenario_jellyfish_widest_path_switch_down_20260607_084642/h8.pcap,d6:e8:fc:3e:05:8c,01:80:c2:00:00:0e,,,,,,60
2026-06-07T08:51:33.808512+00:00,jellyfish,widest_path,switch_down,run_scenario_jellyfish_widest_path_switch_down_20260607_084642,h8,jellyfish/widest_path/switch_down/run_scenario_jellyfish_widest_path_switch_down_20260607_084642/h8.pcap,d6:e8:fc:3e:05:8c,01:80:c2:00:00:0e,,,,,,60
2026-06-07T08:51:35.842336+00:00,jellyfish,widest_path,switch_down,run_scenario_jellyfish_widest_path_switch_down_20260607_084642,h8,jellyfish/widest_path/switch_down/run_scenario_jellyfish_widest_path_switch_down_20260607_084642/h8.pcap,d6:e8:fc:3e:05:8c,01:80:c2:00:00:0e,,,,,,60
2026-06-07T08:51:37.874946+00:00,jellyfish,widest_path,switch_down,run_scenario_jellyfish_widest_path_switch_down_20260607_084642,h8,jellyfish/widest_path/switch_down/run_scenario_jellyfish_widest_path_switch_down_20260607_084642/h8.pcap,d6:e8:fc:3e:05:8c,01:80:c2:00:00:0e,,,,,,60
2026-06-07T08:51:39.905349+00:00,jellyfish,widest_path,switch_down,run_scenario_jellyfish_widest_path_switch_down_20260607_084642,h8,jellyfish/widest_path/switch_down/run_scenario_jellyfish_widest_path_switch_down_20260607_084642/h8.pcap,d6:e8:fc:3e:05:8c,01:80:c2:00:00:0e,,,,,,60
2026-06-07T08:51:41.938684+00:00,jellyfish,widest_path,switch_down,run_scenario_jellyfish_widest_path_switch_down_20260607_084642,h8,jellyfish/widest_path/switch_down/run_scenario_jellyfish_widest_path_switch_down_20260607_084642/h8.pcap,d6:e8:fc:3e:05:8c,01:80:c2:00:00:0e,,,,,,60
2026-06-07T08:51:43.973255+00:00,jellyfish,widest_path,switch_down,run_scenario_jellyfish_widest_path_switch_down_20260607_084642,h8,jellyfish/widest_path/switch_down/run_scenario_jellyfish_widest_path_switch_down_20260607_084642/h8.pcap,d6:e8:fc:3e:05:8c,01:80:c2:00:00:0e,,,,,,60
2026-06-07T08:51:46.008523+00:00,jellyfish,widest_path,switch_down,run_scenario_jellyfish_widest_path_switch_down_20260607_084642,h8,jellyfish/widest_path/switch_down/run_scenario_jellyfish_widest_path_switch_down_20260607_084642/h8.pcap,d6:e8:fc:3e:05:8c,01:80:c2:00:00:0e,,,,,,60
2026-06-07T08:51:48.041691+00:00,jellyfish,widest_path,switch_down,run_scenario_jellyfish_widest_path_switch_down_20260607_084642,h8,jellyfish/widest_path/switch_down/run_scenario_jellyfish_widest_path_switch_down_20260607_084642/h8.pcap,d6:e8:fc:3e:05:8c,01:80:c2:00:00:0e,,,,,,60
2026-06-07T08:51:50.073895+00:00,jellyfish,widest_path,switch_down,run_scenario_jellyfish_widest_path_switch_down_20260607_084642,h8,jellyfish/widest_path/switch_down/run_scenario_jellyfish_widest_path_switch_down_20260607_084642/h8.pcap,d6:e8:fc:3e:05:8c,01:80:c2:00:00:0e,,,,,,60
2026-06-07T08:51:52.108200+00:00,jellyfish,widest_path,switch_down,run_scenario_jellyfish_widest_path_switch_down_20260607_084642,h8,jellyfish/widest_path/switch_down/run_scenario_jellyfish_widest_path_switch_down_20260607_084642/h8.pcap,d6:e8:fc:3e:05:8c,01:80:c2:00:00:0e,,,,,,60
2026-06-07T08:51:54.143178+00:00,jellyfish,widest_path,switch_down,run_scenario_jellyfish_widest_path_switch_down_20260607_084642,h8,jellyfish/widest_path/switch_down/run_scenario_jellyfish_widest_path_switch_down_20260607_084642/h8.pcap,d6:e8:fc:3e:05:8c,01:80:c2:00:00:0e,,,,,,60
2026-06-07T08:51:56.180160+00:00,jellyfish,widest_path,switch_down,run_scenario_jellyfish_widest_path_switch_down_20260607_084642,h8,jellyfish/widest_path/switch_down/run_scenario_jellyfish_widest_path_switch_down_20260607_084642/h8.pcap,d6:e8:fc:3e:05:8c,01:80:c2:00:00:0e,,,,,,60
2026-06-07T08:51:58.207719+00:00,jellyfish,widest_path,switch_down,run_scenario_jellyfish_widest_path_switch_down_20260607_084642,h8,jellyfish/widest_path/switch_down/run_scenario_jellyfish_widest_path_switch_down_20260607_084642/h8.pcap,d6:e8:fc:3e:05:8c,01:80:c2:00:00:0e,,,,,,60
2026-06-07T08:52:02.972194+00:00,jellyfish,widest_path,switch_down,run_scenario_jellyfish_widest_path_switch_down_20260607_084642,h8,jellyfish/widest_path/switch_down/run_scenario_jellyfish_widest_path_switch_down_20260607_084642/h8.pcap,d6:e8:fc:3e:05:8c,01:80:c2:00:00:0e,,,,,,60
2026-06-07T08:52:05.010184+00:00,jellyfish,widest_path,switch_down,run_scenario_jellyfish_widest_path_switch_down_20260607_084642,h8,jellyfish/widest_path/switch_down/run_scenario_jellyfish_widest_path_switch_down_20260607_084642/h8.pcap,d6:e8:fc:3e:05:8c,01:80:c2:00:00:0e,,,,,,60
2026-06-07T08:52:07.044872+00:00,jellyfish,widest_path,switch_down,run_scenario_jellyfish_widest_path_switch_down_20260607_084642,h8,jellyfish/widest_path/switch_down/run_scenario_jellyfish_widest_path_switch_down_20260607_084642/h8.pcap,d6:e8:fc:3e:05:8c,01:80:c2:00:00:0e,,,,,,60
2026-06-07T08:52:09.078836+00:00,jellyfish,widest_path,switch_down,run_scenario_jellyfish_widest_path_switch_down_20260607_084642,h8,jellyfish/widest_path/switch_down/run_scenario_jellyfish_widest_path_switch_down_20260607_084642/h8.pcap,d6:e8:fc:3e:05:8c,01:80:c2:00:00:0e,,,,,,60
2026-06-07T08:52:11.109727+00:00,jellyfish,widest_path,switch_down,run_scenario_jellyfish_widest_path_switch_down_20260607_084642,h8,jellyfish/widest_path/switch_down/run_scenario_jellyfish_widest_path_switch_down_20260607_084642/h8.pcap,d6:e8:fc:3e:05:8c,01:80:c2:00:00:0e,,,,,,60
2026-06-07T08:52:13.144278+00:00,jellyfish,widest_path,switch_down,run_scenario_jellyfish_widest_path_switch_down_20260607_084642,h8,jellyfish/widest_path/switch_down/run_scenario_jellyfish_widest_path_switch_down_20260607_084642/h8.pcap,d6:e8:fc:3e:05:8c,01:80:c2:00:00:0e,,,,,,60
2026-06-07T08:52:15.175806+00:00,jellyfish,widest_path,switch_down,run_scenario_jellyfish_widest_path_switch_down_20260607_084642,h8,jellyfish/widest_path/switch_down/run_scenario_jellyfish_widest_path_switch_down_20260607_084642/h8.pcap,d6:e8:fc:3e:05:8c,01:80:c2:00:00:0e,,,,,,60
2026-06-07T08:52:17.209253+00:00,jellyfish,widest_path,switch_down,run_scenario_jellyfish_widest_path_switch_down_20260607_084642,h8,jellyfish/widest_path/switch_down/run_scenario_jellyfish_widest_path_switch_down_20260607_084642/h8.pcap,d6:e8:fc:3e:05:8c,01:80:c2:00:00:0e,,,,,,60
2026-06-07T08:52:19.244883+00:00,jellyfish,widest_path,switch_down,run_scenario_jellyfish_widest_path_switch_down_20260607_084642,h8,jellyfish/widest_path/switch_down/run_scenario_jellyfish_widest_path_switch_down_20260607_084642/h8.pcap,d6:e8:fc:3e:05:8c,01:80:c2:00:00:0e,,,,,,60
2026-06-07T08:52:21.278505+00:00,jellyfish,widest_path,switch_down,run_scenario_jellyfish_widest_path_switch_down_20260607_084642,h8,jellyfish/widest_path/switch_down/run_scenario_jellyfish_widest_path_switch_down_20260607_084642/h8.pcap,d6:e8:fc:3e:05:8c,01:80:c2:00:00:0e,,,,,,60
2026-06-07T08:52:23.314326+00:00,jellyfish,widest_path,switch_down,run_scenario_jellyfish_widest_path_switch_down_20260607_084642,h8,jellyfish/widest_path/switch_down/run_scenario_jellyfish_widest_path_switch_down_20260607_084642/h8.pcap,d6:e8:fc:3e:05:8c,01:80:c2:00:00:0e,,,,,,60
2026-06-07T08:52:25.347800+00:00,jellyfish,widest_path,switch_down,run_scenario_jellyfish_widest_path_switch_down_20260607_084642,h8,jellyfish/widest_path/switch_down/run_scenario_jellyfish_widest_path_switch_down_20260607_084642/h8.pcap,d6:e8:fc:3e:05:8c,01:80:c2:00:00:0e,,,,,,60
2026-06-07T08:52:27.384186+00:00,jellyfish,widest_path,switch_down,run_scenario_jellyfish_widest_path_switch_down_20260607_084642,h8,jellyfish/widest_path/switch_down/run_scenario_jellyfish_widest_path_switch_down_20260607_084642/h8.pcap,d6:e8:fc:3e:05:8c,01:80:c2:00:00:0e,,,,,,60
2026-06-07T08:52:29.420097+00:00,jellyfish,widest_path,switch_down,run_scenario_jellyfish_widest_path_switch_down_20260607_084642,h8,jellyfish/widest_path/switch_down/run_scenario_jellyfish_widest_path_switch_down_20260607_084642/h8.pcap,d6:e8:fc:3e:05:8c,01:80:c2:00:00:0e,,,,,,60
2026-06-07T08:52:31.455704+00:00,jellyfish,widest_path,switch_down,run_scenario_jellyfish_widest_path_switch_down_20260607_084642,h8,jellyfish/widest_path/switch_down/run_scenario_jellyfish_widest_path_switch_down_20260607_084642/h8.pcap,d6:e8:fc:3e:05:8c,01:80:c2:00:00:0e,,,,,,60
2026-06-07T08:52:36.212138+00:00,jellyfish,widest_path,switch_down,run_scenario_jellyfish_widest_path_switch_down_20260607_084642,h8,jellyfish/widest_path/switch_down/run_scenario_jellyfish_widest_path_switch_down_20260607_084642/h8.pcap,d6:e8:fc:3e:05:8c,01:80:c2:00:00:0e,,,,,,60
2026-06-07T08:52:38.242349+00:00,jellyfish,widest_path,switch_down,run_scenario_jellyfish_widest_path_switch_down_20260607_084642,h8,jellyfish/widest_path/switch_down/run_scenario_jellyfish_widest_path_switch_down_20260607_084642/h8.pcap,d6:e8:fc:3e:05:8c,01:80:c2:00:00:0e,,,,,,60
2026-06-07T08:52:40.273613+00:00,jellyfish,widest_path,switch_down,run_scenario_jellyfish_widest_path_switch_down_20260607_084642,h8,jellyfish/widest_path/switch_down/run_scenario_jellyfish_widest_path_switch_down_20260607_084642/h8.pcap,d6:e8:fc:3e:05:8c,01:80:c2:00:00:0e,,,,,,60
2026-06-07T08:52:42.305105+00:00,jellyfish,widest_path,switch_down,run_scenario_jellyfish_widest_path_switch_down_20260607_084642,h8,jellyfish/widest_path/switch_down/run_scenario_jellyfish_widest_path_switch_down_20260607_084642/h8.pcap,d6:e8:fc:3e:05:8c,01:80:c2:00:00:0e,,,,,,60
2026-06-07T08:52:44.338653+00:00,jellyfish,widest_path,switch_down,run_scenario_jellyfish_widest_path_switch_down_20260607_084642,h8,jellyfish/widest_path/switch_down/run_scenario_jellyfish_widest_path_switch_down_20260607_084642/h8.pcap,d6:e8:fc:3e:05:8c,01:80:c2:00:00:0e,,,,,,60
2026-06-07T08:52:46.372087+00:00,jellyfish,widest_path,switch_down,run_scenario_jellyfish_widest_path_switch_down_20260607_084642,h8,jellyfish/widest_path/switch_down/run_scenario_jellyfish_widest_path_switch_down_20260607_084642/h8.pcap,d6:e8:fc:3e:05:8c,01:80:c2:00:00:0e,,,,,,60
2026-06-07T08:52:48.406041+00:00,jellyfish,widest_path,switch_down,run_scenario_jellyfish_widest_path_switch_down_20260607_084642,h8,jellyfish/widest_path/switch_down/run_scenario_jellyfish_widest_path_switch_down_20260607_084642/h8.pcap,d6:e8:fc:3e:05:8c,01:80:c2:00:00:0e,,,,,,60
2026-06-07T08:52:50.440694+00:00,jellyfish,widest_path,switch_down,run_scenario_jellyfish_widest_path_switch_down_20260607_084642,h8,jellyfish/widest_path/switch_down/run_scenario_jellyfish_widest_path_switch_down_20260607_084642/h8.pcap,d6:e8:fc:3e:05:8c,01:80:c2:00:00:0e,,,,,,60
2026-06-07T08:52:52.475998+00:00,jellyfish,widest_path,switch_down,run_scenario_jellyfish_widest_path_switch_down_20260607_084642,h8,jellyfish/widest_path/switch_down/run_scenario_jellyfish_widest_path_switch_down_20260607_084642/h8.pcap,d6:e8:fc:3e:05:8c,01:80:c2:00:00:0e,,,,,,60
2026-06-07T08:52:54.514321+00:00,jellyfish,widest_path,switch_down,run_scenario_jellyfish_widest_path_switch_down_20260607_084642,h8,jellyfish/widest_path/switch_down/run_scenario_jellyfish_widest_path_switch_down_20260607_084642/h8.pcap,d6:e8:fc:3e:05:8c,01:80:c2:00:00:0e,,,,,,60
2026-06-07T08:52:56.546847+00:00,jellyfish,widest_path,switch_down,run_scenario_jellyfish_widest_path_switch_down_20260607_084642,h8,jellyfish/widest_path/switch_down/run_scenario_jellyfish_widest_path_switch_down_20260607_084642/h8.pcap,d6:e8:fc:3e:05:8c,01:80:c2:00:00:0e,,,,,,60
2026-06-07T08:52:58.577762+00:00,jellyfish,widest_path,switch_down,run_scenario_jellyfish_widest_path_switch_down_20260607_084642,h8,jellyfish/widest_path/switch_down/run_scenario_jellyfish_widest_path_switch_down_20260607_084642/h8.pcap,d6:e8:fc:3e:05:8c,01:80:c2:00:00:0e,,,,,,60
2026-06-07T08:53:00.611092+00:00,jellyfish,widest_path,switch_down,run_scenario_jellyfish_widest_path_switch_down_20260607_084642,h8,jellyfish/widest_path/switch_down/run_scenario_jellyfish_widest_path_switch_down_20260607_084642/h8.pcap,d6:e8:fc:3e:05:8c,01:80:c2:00:00:0e,,,,,,60
2026-06-07T08:53:02.643912+00:00,jellyfish,widest_path,switch_down,run_scenario_jellyfish_widest_path_switch_down_20260607_084642,h8,jellyfish/widest_path/switch_down/run_scenario_jellyfish_widest_path_switch_down_20260607_084642/h8.pcap,d6:e8:fc:3e:05:8c,01:80:c2:00:00:0e,,,,,,60
2026-06-07T08:53:04.678995+00:00,jellyfish,widest_path,switch_down,run_scenario_jellyfish_widest_path_switch_down_20260607_084642,h8,jellyfish/widest_path/switch_down/run_scenario_jellyfish_widest_path_switch_down_20260607_084642/h8.pcap,d6:e8:fc:3e:05:8c,01:80:c2:00:00:0e,,,,,,60
2026-06-07T08:53:09.438523+00:00,jellyfish,widest_path,switch_down,run_scenario_jellyfish_widest_path_switch_down_20260607_084642,h8,jellyfish/widest_path/switch_down/run_scenario_jellyfish_widest_path_switch_down_20260607_084642/h8.pcap,d6:e8:fc:3e:05:8c,01:80:c2:00:00:0e,,,,,,60
2026-06-07T08:53:11.473795+00:00,jellyfish,widest_path,switch_down,run_scenario_jellyfish_widest_path_switch_down_20260607_084642,h8,jellyfish/widest_path/switch_down/run_scenario_jellyfish_widest_path_switch_down_20260607_084642/h8.pcap,d6:e8:fc:3e:05:8c,01:80:c2:00:00:0e,,,,,,60
2026-06-07T08:53:13.504718+00:00,jellyfish,widest_path,switch_down,run_scenario_jellyfish_widest_path_switch_down_20260607_084642,h8,jellyfish/widest_path/switch_down/run_scenario_jellyfish_widest_path_switch_down_20260607_084642/h8.pcap,d6:e8:fc:3e:05:8c,01:80:c2:00:00:0e,,,,,,60
2026-06-07T08:53:15.538626+00:00,jellyfish,widest_path,switch_down,run_scenario_jellyfish_widest_path_switch_down_20260607_084642,h8,jellyfish/widest_path/switch_down/run_scenario_jellyfish_widest_path_switch_down_20260607_084642/h8.pcap,d6:e8:fc:3e:05:8c,01:80:c2:00:00:0e,,,,,,60
2026-06-07T08:53:17.576327+00:00,jellyfish,widest_path,switch_down,run_scenario_jellyfish_widest_path_switch_down_20260607_084642,h8,jellyfish/widest_path/switch_down/run_scenario_jellyfish_widest_path_switch_down_20260607_084642/h8.pcap,d6:e8:fc:3e:05:8c,01:80:c2:00:00:0e,,,,,,60
2026-06-07T08:53:19.611055+00:00,jellyfish,widest_path,switch_down,run_scenario_jellyfish_widest_path_switch_down_20260607_084642,h8,jellyfish/widest_path/switch_down/run_scenario_jellyfish_widest_path_switch_down_20260607_084642/h8.pcap,d6:e8:fc:3e:05:8c,01:80:c2:00:00:0e,,,,,,60
2026-06-07T08:53:21.647672+00:00,jellyfish,widest_path,switch_down,run_scenario_jellyfish_widest_path_switch_down_20260607_084642,h8,jellyfish/widest_path/switch_down/run_scenario_jellyfish_widest_path_switch_down_20260607_084642/h8.pcap,d6:e8:fc:3e:05:8c,01:80:c2:00:00:0e,,,,,,60
2026-06-07T08:53:23.688346+00:00,jellyfish,widest_path,switch_down,run_scenario_jellyfish_widest_path_switch_down_20260607_084642,h8,jellyfish/widest_path/switch_down/run_scenario_jellyfish_widest_path_switch_down_20260607_084642/h8.pcap,d6:e8:fc:3e:05:8c,01:80:c2:00:00:0e,,,,,,60
2026-06-07T08:53:25.725372+00:00,jellyfish,widest_path,switch_down,run_scenario_jellyfish_widest_path_switch_down_20260607_084642,h8,jellyfish/widest_path/switch_down/run_scenario_jellyfish_widest_path_switch_down_20260607_084642/h8.pcap,d6:e8:fc:3e:05:8c,01:80:c2:00:00:0e,,,,,,60
2026-06-07T08:53:27.761528+00:00,jellyfish,widest_path,switch_down,run_scenario_jellyfish_widest_path_switch_down_20260607_084642,h8,jellyfish/widest_path/switch_down/run_scenario_jellyfish_widest_path_switch_down_20260607_084642/h8.pcap,d6:e8:fc:3e:05:8c,01:80:c2:00:00:0e,,,,,,60
2026-06-07T08:53:29.799483+00:00,jellyfish,widest_path,switch_down,run_scenario_jellyfish_widest_path_switch_down_20260607_084642,h8,jellyfish/widest_path/switch_down/run_scenario_jellyfish_widest_path_switch_down_20260607_084642/h8.pcap,d6:e8:fc:3e:05:8c,01:80:c2:00:00:0e,,,,,,60
2026-06-07T08:53:31.834979+00:00,jellyfish,widest_path,switch_down,run_scenario_jellyfish_widest_path_switch_down_20260607_084642,h8,jellyfish/widest_path/switch_down/run_scenario_jellyfish_widest_path_switch_down_20260607_084642/h8.pcap,d6:e8:fc:3e:05:8c,01:80:c2:00:00:0e,,,,,,60
2026-06-07T08:53:33.865305+00:00,jellyfish,widest_path,switch_down,run_scenario_jellyfish_widest_path_switch_down_20260607_084642,h8,jellyfish/widest_path/switch_down/run_scenario_jellyfish_widest_path_switch_down_20260607_084642/h8.pcap,d6:e8:fc:3e:05:8c,01:80:c2:00:00:0e,,,,,,60
2026-06-07T08:53:35.896611+00:00,jellyfish,widest_path,switch_down,run_scenario_jellyfish_widest_path_switch_down_20260607_084642,h8,jellyfish/widest_path/switch_down/run_scenario_jellyfish_widest_path_switch_down_20260607_084642/h8.pcap,d6:e8:fc:3e:05:8c,01:80:c2:00:00:0e,,,,,,60
2026-06-07T08:53:40.653234+00:00,jellyfish,widest_path,switch_down,run_scenario_jellyfish_widest_path_switch_down_20260607_084642,h8,jellyfish/widest_path/switch_down/run_scenario_jellyfish_widest_path_switch_down_20260607_084642/h8.pcap,d6:e8:fc:3e:05:8c,01:80:c2:00:00:0e,,,,,,60
2026-06-07T08:53:42.691603+00:00,jellyfish,widest_path,switch_down,run_scenario_jellyfish_widest_path_switch_down_20260607_084642,h8,jellyfish/widest_path/switch_down/run_scenario_jellyfish_widest_path_switch_down_20260607_084642/h8.pcap,d6:e8:fc:3e:05:8c,01:80:c2:00:00:0e,,,,,,60
2026-06-07T08:53:44.729806+00:00,jellyfish,widest_path,switch_down,run_scenario_jellyfish_widest_path_switch_down_20260607_084642,h8,jellyfish/widest_path/switch_down/run_scenario_jellyfish_widest_path_switch_down_20260607_084642/h8.pcap,d6:e8:fc:3e:05:8c,01:80:c2:00:00:0e,,,,,,60
2026-06-07T08:53:46.764066+00:00,jellyfish,widest_path,switch_down,run_scenario_jellyfish_widest_path_switch_down_20260607_084642,h8,jellyfish/widest_path/switch_down/run_scenario_jellyfish_widest_path_switch_down_20260607_084642/h8.pcap,d6:e8:fc:3e:05:8c,01:80:c2:00:00:0e,,,,,,60
2026-06-07T08:53:48.826389+00:00,jellyfish,widest_path,switch_down,run_scenario_jellyfish_widest_path_switch_down_20260607_084642,h8,jellyfish/widest_path/switch_down/run_scenario_jellyfish_widest_path_switch_down_20260607_084642/h8.pcap,d6:e8:fc:3e:05:8c,01:80:c2:00:00:0e,,,,,,60
2026-06-07T08:53:50.863738+00:00,jellyfish,widest_path,switch_down,run_scenario_jellyfish_widest_path_switch_down_20260607_084642,h8,jellyfish/widest_path/switch_down/run_scenario_jellyfish_widest_path_switch_down_20260607_084642/h8.pcap,d6:e8:fc:3e:05:8c,01:80:c2:00:00:0e,,,,,,60
2026-06-07T08:53:52.897601+00:00,jellyfish,widest_path,switch_down,run_scenario_jellyfish_widest_path_switch_down_20260607_084642,h8,jellyfish/widest_path/switch_down/run_scenario_jellyfish_widest_path_switch_down_20260607_084642/h8.pcap,d6:e8:fc:3e:05:8c,01:80:c2:00:00:0e,,,,,,60
2026-06-07T08:53:54.928788+00:00,jellyfish,widest_path,switch_down,run_scenario_jellyfish_widest_path_switch_down_20260607_084642,h8,jellyfish/widest_path/switch_down/run_scenario_jellyfish_widest_path_switch_down_20260607_084642/h8.pcap,d6:e8:fc:3e:05:8c,01:80:c2:00:00:0e,,,,,,60
2026-06-07T08:53:56.957113+00:00,jellyfish,widest_path,switch_down,run_scenario_jellyfish_widest_path_switch_down_20260607_084642,h8,jellyfish/widest_path/switch_down/run_scenario_jellyfish_widest_path_switch_down_20260607_084642/h8.pcap,d6:e8:fc:3e:05:8c,01:80:c2:00:00:0e,,,,,,60
2026-06-07T08:53:58.990131+00:00,jellyfish,widest_path,switch_down,run_scenario_jellyfish_widest_path_switch_down_20260607_084642,h8,jellyfish/widest_path/switch_down/run_scenario_jellyfish_widest_path_switch_down_20260607_084642/h8.pcap,d6:e8:fc:3e:05:8c,01:80:c2:00:00:0e,,,,,,60
2026-06-07T08:54:01.027306+00:00,jellyfish,widest_path,switch_down,run_scenario_jellyfish_widest_path_switch_down_20260607_084642,h8,jellyfish/widest_path/switch_down/run_scenario_jellyfish_widest_path_switch_down_20260607_084642/h8.pcap,d6:e8:fc:3e:05:8c,01:80:c2:00:00:0e,,,,,,60
2026-06-07T08:54:03.062687+00:00,jellyfish,widest_path,switch_down,run_scenario_jellyfish_widest_path_switch_down_20260607_084642,h8,jellyfish/widest_path/switch_down/run_scenario_jellyfish_widest_path_switch_down_20260607_084642/h8.pcap,d6:e8:fc:3e:05:8c,01:80:c2:00:00:0e,,,,,,60
2026-06-07T08:54:05.092759+00:00,jellyfish,widest_path,switch_down,run_scenario_jellyfish_widest_path_switch_down_20260607_084642,h8,jellyfish/widest_path/switch_down/run_scenario_jellyfish_widest_path_switch_down_20260607_084642/h8.pcap,d6:e8:fc:3e:05:8c,01:80:c2:00:00:0e,,,,,,60
2026-06-07T08:54:07.125156+00:00,jellyfish,widest_path,switch_down,run_scenario_jellyfish_widest_path_switch_down_20260607_084642,h8,jellyfish/widest_path/switch_down/run_scenario_jellyfish_widest_path_switch_down_20260607_084642/h8.pcap,d6:e8:fc:3e:05:8c,01:80:c2:00:00:0e,,,,,,60
2026-06-07T08:54:09.158304+00:00,jellyfish,widest_path,switch_down,run_scenario_jellyfish_widest_path_switch_down_20260607_084642,h8,jellyfish/widest_path/switch_down/run_scenario_jellyfish_widest_path_switch_down_20260607_084642/h8.pcap,d6:e8:fc:3e:05:8c,01:80:c2:00:00:0e,,,,,,60
2026-06-07T08:54:13.921169+00:00,jellyfish,widest_path,switch_down,run_scenario_jellyfish_widest_path_switch_down_20260607_084642,h8,jellyfish/widest_path/switch_down/run_scenario_jellyfish_widest_path_switch_down_20260607_084642/h8.pcap,d6:e8:fc:3e:05:8c,01:80:c2:00:00:0e,,,,,,60
2026-06-07T08:54:15.950597+00:00,jellyfish,widest_path,switch_down,run_scenario_jellyfish_widest_path_switch_down_20260607_084642,h8,jellyfish/widest_path/switch_down/run_scenario_jellyfish_widest_path_switch_down_20260607_084642/h8.pcap,d6:e8:fc:3e:05:8c,01:80:c2:00:00:0e,,,,,,60
2026-06-07T08:54:17.985340+00:00,jellyfish,widest_path,switch_down,run_scenario_jellyfish_widest_path_switch_down_20260607_084642,h8,jellyfish/widest_path/switch_down/run_scenario_jellyfish_widest_path_switch_down_20260607_084642/h8.pcap,d6:e8:fc:3e:05:8c,01:80:c2:00:00:0e,,,,,,60
2026-06-07T08:54:20.017123+00:00,jellyfish,widest_path,switch_down,run_scenario_jellyfish_widest_path_switch_down_20260607_084642,h8,jellyfish/widest_path/switch_down/run_scenario_jellyfish_widest_path_switch_down_20260607_084642/h8.pcap,d6:e8:fc:3e:05:8c,01:80:c2:00:00:0e,,,,,,60
2026-06-07T08:54:22.051767+00:00,jellyfish,widest_path,switch_down,run_scenario_jellyfish_widest_path_switch_down_20260607_084642,h8,jellyfish/widest_path/switch_down/run_scenario_jellyfish_widest_path_switch_down_20260607_084642/h8.pcap,d6:e8:fc:3e:05:8c,01:80:c2:00:00:0e,,,,,,60
2026-06-07T08:54:24.088705+00:00,jellyfish,widest_path,switch_down,run_scenario_jellyfish_widest_path_switch_down_20260607_084642,h8,jellyfish/widest_path/switch_down/run_scenario_jellyfish_widest_path_switch_down_20260607_084642/h8.pcap,d6:e8:fc:3e:05:8c,01:80:c2:00:00:0e,,,,,,60
2026-06-07T08:54:26.124360+00:00,jellyfish,widest_path,switch_down,run_scenario_jellyfish_widest_path_switch_down_20260607_084642,h8,jellyfish/widest_path/switch_down/run_scenario_jellyfish_widest_path_switch_down_20260607_084642/h8.pcap,d6:e8:fc:3e:05:8c,01:80:c2:00:00:0e,,,,,,60
2026-06-07T08:54:28.156636+00:00,jellyfish,widest_path,switch_down,run_scenario_jellyfish_widest_path_switch_down_20260607_084642,h8,jellyfish/widest_path/switch_down/run_scenario_jellyfish_widest_path_switch_down_20260607_084642/h8.pcap,d6:e8:fc:3e:05:8c,01:80:c2:00:00:0e,,,,,,60
2026-06-07T08:54:30.185829+00:00,jellyfish,widest_path,switch_down,run_scenario_jellyfish_widest_path_switch_down_20260607_084642,h8,jellyfish/widest_path/switch_down/run_scenario_jellyfish_widest_path_switch_down_20260607_084642/h8.pcap,d6:e8:fc:3e:05:8c,01:80:c2:00:00:0e,,,,,,60
2026-06-07T08:54:32.222315+00:00,jellyfish,widest_path,switch_down,run_scenario_jellyfish_widest_path_switch_down_20260607_084642,h8,jellyfish/widest_path/switch_down/run_scenario_jellyfish_widest_path_switch_down_20260607_084642/h8.pcap,d6:e8:fc:3e:05:8c,01:80:c2:00:00:0e,,,,,,60
2026-06-07T08:54:34.254363+00:00,jellyfish,widest_path,switch_down,run_scenario_jellyfish_widest_path_switch_down_20260607_084642,h8,jellyfish/widest_path/switch_down/run_scenario_jellyfish_widest_path_switch_down_20260607_084642/h8.pcap,d6:e8:fc:3e:05:8c,01:80:c2:00:00:0e,,,,,,60
2026-06-07T08:54:36.285943+00:00,jellyfish,widest_path,switch_down,run_scenario_jellyfish_widest_path_switch_down_20260607_084642,h8,jellyfish/widest_path/switch_down/run_scenario_jellyfish_widest_path_switch_down_20260607_084642/h8.pcap,d6:e8:fc:3e:05:8c,01:80:c2:00:00:0e,,,,,,60
2026-06-07T08:54:38.319763+00:00,jellyfish,widest_path,switch_down,run_scenario_jellyfish_widest_path_switch_down_20260607_084642,h8,jellyfish/widest_path/switch_down/run_scenario_jellyfish_widest_path_switch_down_20260607_084642/h8.pcap,d6:e8:fc:3e:05:8c,01:80:c2:00:00:0e,,,,,,60
2026-06-07T08:54:40.352284+00:00,jellyfish,widest_path,switch_down,run_scenario_jellyfish_widest_path_switch_down_20260607_084642,h8,jellyfish/widest_path/switch_down/run_scenario_jellyfish_widest_path_switch_down_20260607_084642/h8.pcap,d6:e8:fc:3e:05:8c,01:80:c2:00:00:0e,,,,,,60
2026-06-07T08:54:42.386697+00:00,jellyfish,widest_path,switch_down,run_scenario_jellyfish_widest_path_switch_down_20260607_084642,h8,jellyfish/widest_path/switch_down/run_scenario_jellyfish_widest_path_switch_down_20260607_084642/h8.pcap,d6:e8:fc:3e:05:8c,01:80:c2:00:00:0e,,,,,,60
2026-06-07T08:54:47.149984+00:00,jellyfish,widest_path,switch_down,run_scenario_jellyfish_widest_path_switch_down_20260607_084642,h8,jellyfish/widest_path/switch_down/run_scenario_jellyfish_widest_path_switch_down_20260607_084642/h8.pcap,d6:e8:fc:3e:05:8c,01:80:c2:00:00:0e,,,,,,60
2026-06-07T08:54:49.212621+00:00,jellyfish,widest_path,switch_down,run_scenario_jellyfish_widest_path_switch_down_20260607_084642,h8,jellyfish/widest_path/switch_down/run_scenario_jellyfish_widest_path_switch_down_20260607_084642/h8.pcap,d6:e8:fc:3e:05:8c,01:80:c2:00:00:0e,,,,,,60
2026-06-07T08:54:51.247381+00:00,jellyfish,widest_path,switch_down,run_scenario_jellyfish_widest_path_switch_down_20260607_084642,h8,jellyfish/widest_path/switch_down/run_scenario_jellyfish_widest_path_switch_down_20260607_084642/h8.pcap,d6:e8:fc:3e:05:8c,01:80:c2:00:00:0e,,,,,,60
2026-06-07T08:54:53.278587+00:00,jellyfish,widest_path,switch_down,run_scenario_jellyfish_widest_path_switch_down_20260607_084642,h8,jellyfish/widest_path/switch_down/run_scenario_jellyfish_widest_path_switch_down_20260607_084642/h8.pcap,d6:e8:fc:3e:05:8c,01:80:c2:00:00:0e,,,,,,60
2026-06-07T08:54:55.309540+00:00,jellyfish,widest_path,switch_down,run_scenario_jellyfish_widest_path_switch_down_20260607_084642,h8,jellyfish/widest_path/switch_down/run_scenario_jellyfish_widest_path_switch_down_20260607_084642/h8.pcap,d6:e8:fc:3e:05:8c,01:80:c2:00:00:0e,,,,,,60
2026-06-07T08:54:57.344056+00:00,jellyfish,widest_path,switch_down,run_scenario_jellyfish_widest_path_switch_down_20260607_084642,h8,jellyfish/widest_path/switch_down/run_scenario_jellyfish_widest_path_switch_down_20260607_084642/h8.pcap,d6:e8:fc:3e:05:8c,01:80:c2:00:00:0e,,,,,,60
2026-06-07T08:54:59.379989+00:00,jellyfish,widest_path,switch_down,run_scenario_jellyfish_widest_path_switch_down_20260607_084642,h8,jellyfish/widest_path/switch_down/run_scenario_jellyfish_widest_path_switch_down_20260607_084642/h8.pcap,d6:e8:fc:3e:05:8c,01:80:c2:00:00:0e,,,,,,60
2026-06-07T08:55:01.415870+00:00,jellyfish,widest_path,switch_down,run_scenario_jellyfish_widest_path_switch_down_20260607_084642,h8,jellyfish/widest_path/switch_down/run_scenario_jellyfish_widest_path_switch_down_20260607_084642/h8.pcap,d6:e8:fc:3e:05:8c,01:80:c2:00:00:0e,,,,,,60
2026-06-07T08:55:03.455504+00:00,jellyfish,widest_path,switch_down,run_scenario_jellyfish_widest_path_switch_down_20260607_084642,h8,jellyfish/widest_path/switch_down/run_scenario_jellyfish_widest_path_switch_down_20260607_084642/h8.pcap,d6:e8:fc:3e:05:8c,01:80:c2:00:00:0e,,,,,,60
2026-06-07T08:55:05.494744+00:00,jellyfish,widest_path,switch_down,run_scenario_jellyfish_widest_path_switch_down_20260607_084642,h8,jellyfish/widest_path/switch_down/run_scenario_jellyfish_widest_path_switch_down_20260607_084642/h8.pcap,d6:e8:fc:3e:05:8c,01:80:c2:00:00:0e,,,,,,60
2026-06-07T08:55:07.526902+00:00,jellyfish,widest_path,switch_down,run_scenario_jellyfish_widest_path_switch_down_20260607_084642,h8,jellyfish/widest_path/switch_down/run_scenario_jellyfish_widest_path_switch_down_20260607_084642/h8.pcap,d6:e8:fc:3e:05:8c,01:80:c2:00:00:0e,,,,,,60
2026-06-07T08:55:09.564594+00:00,jellyfish,widest_path,switch_down,run_scenario_jellyfish_widest_path_switch_down_20260607_084642,h8,jellyfish/widest_path/switch_down/run_scenario_jellyfish_widest_path_switch_down_20260607_084642/h8.pcap,d6:e8:fc:3e:05:8c,01:80:c2:00:00:0e,,,,,,60
2026-06-07T08:55:11.601214+00:00,jellyfish,widest_path,switch_down,run_scenario_jellyfish_widest_path_switch_down_20260607_084642,h8,jellyfish/widest_path/switch_down/run_scenario_jellyfish_widest_path_switch_down_20260607_084642/h8.pcap,d6:e8:fc:3e:05:8c,01:80:c2:00:00:0e,,,,,,60
2026-06-07T08:55:13.637469+00:00,jellyfish,widest_path,switch_down,run_scenario_jellyfish_widest_path_switch_down_20260607_084642,h8,jellyfish/widest_path/switch_down/run_scenario_jellyfish_widest_path_switch_down_20260607_084642/h8.pcap,d6:e8:fc:3e:05:8c,01:80:c2:00:00:0e,,,,,,60
2026-06-07T08:55:15.674588+00:00,jellyfish,widest_path,switch_down,run_scenario_jellyfish_widest_path_switch_down_20260607_084642,h8,jellyfish/widest_path/switch_down/run_scenario_jellyfish_widest_path_switch_down_20260607_084642/h8.pcap,d6:e8:fc:3e:05:8c,01:80:c2:00:00:0e,,,,,,60
2026-06-07T08:55:20.439147+00:00,jellyfish,widest_path,switch_down,run_scenario_jellyfish_widest_path_switch_down_20260607_084642,h8,jellyfish/widest_path/switch_down/run_scenario_jellyfish_widest_path_switch_down_20260607_084642/h8.pcap,d6:e8:fc:3e:05:8c,01:80:c2:00:00:0e,,,,,,60
2026-06-07T08:55:22.475929+00:00,jellyfish,widest_path,switch_down,run_scenario_jellyfish_widest_path_switch_down_20260607_084642,h8,jellyfish/widest_path/switch_down/run_scenario_jellyfish_widest_path_switch_down_20260607_084642/h8.pcap,d6:e8:fc:3e:05:8c,01:80:c2:00:00:0e,,,,,,60
2026-06-07T08:55:24.512625+00:00,jellyfish,widest_path,switch_down,run_scenario_jellyfish_widest_path_switch_down_20260607_084642,h8,jellyfish/widest_path/switch_down/run_scenario_jellyfish_widest_path_switch_down_20260607_084642/h8.pcap,d6:e8:fc:3e:05:8c,01:80:c2:00:00:0e,,,,,,60
2026-06-07T08:55:26.547682+00:00,jellyfish,widest_path,switch_down,run_scenario_jellyfish_widest_path_switch_down_20260607_084642,h8,jellyfish/widest_path/switch_down/run_scenario_jellyfish_widest_path_switch_down_20260607_084642/h8.pcap,d6:e8:fc:3e:05:8c,01:80:c2:00:00:0e,,,,,,60
2026-06-07T08:55:28.581799+00:00,jellyfish,widest_path,switch_down,run_scenario_jellyfish_widest_path_switch_down_20260607_084642,h8,jellyfish/widest_path/switch_down/run_scenario_jellyfish_widest_path_switch_down_20260607_084642/h8.pcap,d6:e8:fc:3e:05:8c,01:80:c2:00:00:0e,,,,,,60
2026-06-07T08:55:30.616538+00:00,jellyfish,widest_path,switch_down,run_scenario_jellyfish_widest_path_switch_down_20260607_084642,h8,jellyfish/widest_path/switch_down/run_scenario_jellyfish_widest_path_switch_down_20260607_084642/h8.pcap,d6:e8:fc:3e:05:8c,01:80:c2:00:00:0e,,,,,,60
2026-06-07T08:55:32.655703+00:00,jellyfish,widest_path,switch_down,run_scenario_jellyfish_widest_path_switch_down_20260607_084642,h8,jellyfish/widest_path/switch_down/run_scenario_jellyfish_widest_path_switch_down_20260607_084642/h8.pcap,d6:e8:fc:3e:05:8c,01:80:c2:00:00:0e,,,,,,60
2026-06-07T08:55:34.688271+00:00,jellyfish,widest_path,switch_down,run_scenario_jellyfish_widest_path_switch_down_20260607_084642,h8,jellyfish/widest_path/switch_down/run_scenario_jellyfish_widest_path_switch_down_20260607_084642/h8.pcap,d6:e8:fc:3e:05:8c,01:80:c2:00:00:0e,,,,,,60
2026-06-07T08:55:36.718466+00:00,jellyfish,widest_path,switch_down,run_scenario_jellyfish_widest_path_switch_down_20260607_084642,h8,jellyfish/widest_path/switch_down/run_scenario_jellyfish_widest_path_switch_down_20260607_084642/h8.pcap,d6:e8:fc:3e:05:8c,01:80:c2:00:00:0e,,,,,,60
2026-06-07T08:55:38.750866+00:00,jellyfish,widest_path,switch_down,run_scenario_jellyfish_widest_path_switch_down_20260607_084642,h8,jellyfish/widest_path/switch_down/run_scenario_jellyfish_widest_path_switch_down_20260607_084642/h8.pcap,d6:e8:fc:3e:05:8c,01:80:c2:00:00:0e,,,,,,60
2026-06-07T08:55:40.808070+00:00,jellyfish,widest_path,switch_down,run_scenario_jellyfish_widest_path_switch_down_20260607_084642,h8,jellyfish/widest_path/switch_down/run_scenario_jellyfish_widest_path_switch_down_20260607_084642/h8.pcap,d6:e8:fc:3e:05:8c,01:80:c2:00:00:0e,,,,,,60
2026-06-07T08:55:42.937956+00:00,jellyfish,widest_path,switch_down,run_scenario_jellyfish_widest_path_switch_down_20260607_084642,h8,jellyfish/widest_path/switch_down/run_scenario_jellyfish_widest_path_switch_down_20260607_084642/h8.pcap,d6:e8:fc:3e:05:8c,01:80:c2:00:00:0e,,,,,,60
2026-06-07T08:55:44.966080+00:00,jellyfish,widest_path,switch_down,run_scenario_jellyfish_widest_path_switch_down_20260607_084642,h8,jellyfish/widest_path/switch_down/run_scenario_jellyfish_widest_path_switch_down_20260607_084642/h8.pcap,d6:e8:fc:3e:05:8c,01:80:c2:00:00:0e,,,,,,60
2026-06-07T08:55:46.997646+00:00,jellyfish,widest_path,switch_down,run_scenario_jellyfish_widest_path_switch_down_20260607_084642,h8,jellyfish/widest_path/switch_down/run_scenario_jellyfish_widest_path_switch_down_20260607_084642/h8.pcap,d6:e8:fc:3e:05:8c,01:80:c2:00:00:0e,,,,,,60
2026-06-07T08:55:51.764409+00:00,jellyfish,widest_path,switch_down,run_scenario_jellyfish_widest_path_switch_down_20260607_084642,h8,jellyfish/widest_path/switch_down/run_scenario_jellyfish_widest_path_switch_down_20260607_084642/h8.pcap,d6:e8:fc:3e:05:8c,01:80:c2:00:00:0e,,,,,,60
2026-06-07T08:55:53.809185+00:00,jellyfish,widest_path,switch_down,run_scenario_jellyfish_widest_path_switch_down_20260607_084642,h8,jellyfish/widest_path/switch_down/run_scenario_jellyfish_widest_path_switch_down_20260607_084642/h8.pcap,d6:e8:fc:3e:05:8c,01:80:c2:00:00:0e,,,,,,60
2026-06-07T08:55:55.916599+00:00,jellyfish,widest_path,switch_down,run_scenario_jellyfish_widest_path_switch_down_20260607_084642,h8,jellyfish/widest_path/switch_down/run_scenario_jellyfish_widest_path_switch_down_20260607_084642/h8.pcap,d6:e8:fc:3e:05:8c,01:80:c2:00:00:0e,,,,,,60
2026-06-07T08:55:57.963455+00:00,jellyfish,widest_path,switch_down,run_scenario_jellyfish_widest_path_switch_down_20260607_084642,h8,jellyfish/widest_path/switch_down/run_scenario_jellyfish_widest_path_switch_down_20260607_084642/h8.pcap,d6:e8:fc:3e:05:8c,01:80:c2:00:00:0e,,,,,,60
2026-06-07T08:56:00.016129+00:00,jellyfish,widest_path,switch_down,run_scenario_jellyfish_widest_path_switch_down_20260607_084642,h8,jellyfish/widest_path/switch_down/run_scenario_jellyfish_widest_path_switch_down_20260607_084642/h8.pcap,d6:e8:fc:3e:05:8c,01:80:c2:00:00:0e,,,,,,60
2026-06-07T08:56:02.070120+00:00,jellyfish,widest_path,switch_down,run_scenario_jellyfish_widest_path_switch_down_20260607_084642,h8,jellyfish/widest_path/switch_down/run_scenario_jellyfish_widest_path_switch_down_20260607_084642/h8.pcap,d6:e8:fc:3e:05:8c,01:80:c2:00:00:0e,,,,,,60
2026-06-07T08:56:04.193472+00:00,jellyfish,widest_path,switch_down,run_scenario_jellyfish_widest_path_switch_down_20260607_084642,h8,jellyfish/widest_path/switch_down/run_scenario_jellyfish_widest_path_switch_down_20260607_084642/h8.pcap,d6:e8:fc:3e:05:8c,01:80:c2:00:00:0e,,,,,,60
2026-06-07T08:56:05.240979+00:00,jellyfish,widest_path,switch_down,run_scenario_jellyfish_widest_path_switch_down_20260607_084642,h8,jellyfish/widest_path/switch_down/run_scenario_jellyfish_widest_path_switch_down_20260607_084642/h8.pcap,00:00:00:00:08:01,00:00:00:00:00:01,10.0.0.9,10.0.0.1,IP,,,96
2026-06-07T08:56:05.254807+00:00,jellyfish,widest_path,switch_down,run_scenario_jellyfish_widest_path_switch_down_20260607_084642,h8,jellyfish/widest_path/switch_down/run_scenario_jellyfish_widest_path_switch_down_20260607_084642/h8.pcap,00:00:00:00:00:01,00:00:00:00:08:01,10.0.0.1,10.0.0.9,IP,,,96
2026-06-07T08:56:05.262143+00:00,jellyfish,widest_path,switch_down,run_scenario_jellyfish_widest_path_switch_down_20260607_084642,h8,jellyfish/widest_path/switch_down/run_scenario_jellyfish_widest_path_switch_down_20260607_084642/h8.pcap,00:00:00:00:08:01,00:00:00:00:01:01,10.0.0.9,10.0.0.2,IP,,,96
2026-06-07T08:56:06.223784+00:00,jellyfish,widest_path,switch_down,run_scenario_jellyfish_widest_path_switch_down_20260607_084642,h8,jellyfish/widest_path/switch_down/run_scenario_jellyfish_widest_path_switch_down_20260607_084642/h8.pcap,d6:e8:fc:3e:05:8c,01:80:c2:00:00:0e,,,,,,60
2026-06-07T08:56:08.257874+00:00,jellyfish,widest_path,switch_down,run_scenario_jellyfish_widest_path_switch_down_20260607_084642,h8,jellyfish/widest_path/switch_down/run_scenario_jellyfish_widest_path_switch_down_20260607_084642/h8.pcap,d6:e8:fc:3e:05:8c,01:80:c2:00:00:0e,,,,,,60
2026-06-07T08:56:10.290734+00:00,jellyfish,widest_path,switch_down,run_scenario_jellyfish_widest_path_switch_down_20260607_084642,h8,jellyfish/widest_path/switch_down/run_scenario_jellyfish_widest_path_switch_down_20260607_084642/h8.pcap,d6:e8:fc:3e:05:8c,01:80:c2:00:00:0e,,,,,,60
2026-06-07T08:56:12.335777+00:00,jellyfish,widest_path,switch_down,run_scenario_jellyfish_widest_path_switch_down_20260607_084642,h8,jellyfish/widest_path/switch_down/run_scenario_jellyfish_widest_path_switch_down_20260607_084642/h8.pcap,d6:e8:fc:3e:05:8c,01:80:c2:00:00:0e,,,,,,60
2026-06-07T08:56:14.454166+00:00,jellyfish,widest_path,switch_down,run_scenario_jellyfish_widest_path_switch_down_20260607_084642,h8,jellyfish/widest_path/switch_down/run_scenario_jellyfish_widest_path_switch_down_20260607_084642/h8.pcap,d6:e8:fc:3e:05:8c,01:80:c2:00:00:0e,,,,,,60
2026-06-07T08:56:15.301592+00:00,jellyfish,widest_path,switch_down,run_scenario_jellyfish_widest_path_switch_down_20260607_084642,h8,jellyfish/widest_path/switch_down/run_scenario_jellyfish_widest_path_switch_down_20260607_084642/h8.pcap,00:00:00:00:08:01,00:00:00:00:02:01,10.0.0.9,10.0.0.3,IP,,,96
2026-06-07T08:56:15.317779+00:00,jellyfish,widest_path,switch_down,run_scenario_jellyfish_widest_path_switch_down_20260607_084642,h8,jellyfish/widest_path/switch_down/run_scenario_jellyfish_widest_path_switch_down_20260607_084642/h8.pcap,00:00:00:00:02:01,00:00:00:00:08:01,10.0.0.3,10.0.0.9,IP,,,96
2026-06-07T08:56:15.323571+00:00,jellyfish,widest_path,switch_down,run_scenario_jellyfish_widest_path_switch_down_20260607_084642,h8,jellyfish/widest_path/switch_down/run_scenario_jellyfish_widest_path_switch_down_20260607_084642/h8.pcap,00:00:00:00:08:01,00:00:00:00:03:01,10.0.0.9,10.0.0.4,IP,,,96
2026-06-07T08:56:15.329031+00:00,jellyfish,widest_path,switch_down,run_scenario_jellyfish_widest_path_switch_down_20260607_084642,h8,jellyfish/widest_path/switch_down/run_scenario_jellyfish_widest_path_switch_down_20260607_084642/h8.pcap,00:00:00:00:03:01,00:00:00:00:08:01,10.0.0.4,10.0.0.9,IP,,,96
2026-06-07T08:56:15.339503+00:00,jellyfish,widest_path,switch_down,run_scenario_jellyfish_widest_path_switch_down_20260607_084642,h8,jellyfish/widest_path/switch_down/run_scenario_jellyfish_widest_path_switch_down_20260607_084642/h8.pcap,00:00:00:00:08:01,00:00:00:00:04:01,10.0.0.9,10.0.0.5,IP,,,96
2026-06-07T08:56:15.348932+00:00,jellyfish,widest_path,switch_down,run_scenario_jellyfish_widest_path_switch_down_20260607_084642,h8,jellyfish/widest_path/switch_down/run_scenario_jellyfish_widest_path_switch_down_20260607_084642/h8.pcap,00:00:00:00:04:01,00:00:00:00:08:01,10.0.0.5,10.0.0.9,IP,,,96
2026-06-07T08:56:15.357179+00:00,jellyfish,widest_path,switch_down,run_scenario_jellyfish_widest_path_switch_down_20260607_084642,h8,jellyfish/widest_path/switch_down/run_scenario_jellyfish_widest_path_switch_down_20260607_084642/h8.pcap,00:00:00:00:08:01,00:00:00:00:05:01,10.0.0.9,10.0.0.6,IP,,,96
2026-06-07T08:56:15.363515+00:00,jellyfish,widest_path,switch_down,run_scenario_jellyfish_widest_path_switch_down_20260607_084642,h8,jellyfish/widest_path/switch_down/run_scenario_jellyfish_widest_path_switch_down_20260607_084642/h8.pcap,00:00:00:00:05:01,00:00:00:00:08:01,10.0.0.6,10.0.0.9,IP,,,96
2026-06-07T08:56:15.369702+00:00,jellyfish,widest_path,switch_down,run_scenario_jellyfish_widest_path_switch_down_20260607_084642,h8,jellyfish/widest_path/switch_down/run_scenario_jellyfish_widest_path_switch_down_20260607_084642/h8.pcap,00:00:00:00:08:01,00:00:00:00:06:01,10.0.0.9,10.0.0.7,IP,,,96
2026-06-07T08:56:15.383121+00:00,jellyfish,widest_path,switch_down,run_scenario_jellyfish_widest_path_switch_down_20260607_084642,h8,jellyfish/widest_path/switch_down/run_scenario_jellyfish_widest_path_switch_down_20260607_084642/h8.pcap,00:00:00:00:06:01,00:00:00:00:08:01,10.0.0.7,10.0.0.9,IP,,,96
2026-06-07T08:56:15.391211+00:00,jellyfish,widest_path,switch_down,run_scenario_jellyfish_widest_path_switch_down_20260607_084642,h8,jellyfish/widest_path/switch_down/run_scenario_jellyfish_widest_path_switch_down_20260607_084642/h8.pcap,00:00:00:00:08:01,00:00:00:00:07:01,10.0.0.9,10.0.0.8,IP,,,96
2026-06-07T08:56:15.402732+00:00,jellyfish,widest_path,switch_down,run_scenario_jellyfish_widest_path_switch_down_20260607_084642,h8,jellyfish/widest_path/switch_down/run_scenario_jellyfish_widest_path_switch_down_20260607_084642/h8.pcap,00:00:00:00:07:01,00:00:00:00:08:01,10.0.0.8,10.0.0.9,IP,,,96
2026-06-07T08:56:15.410906+00:00,jellyfish,widest_path,switch_down,run_scenario_jellyfish_widest_path_switch_down_20260607_084642,h8,jellyfish/widest_path/switch_down/run_scenario_jellyfish_widest_path_switch_down_20260607_084642/h8.pcap,00:00:00:00:08:01,00:00:00:00:09:01,10.0.0.9,10.0.0.10,IP,,,96
2026-06-07T08:56:16.515990+00:00,jellyfish,widest_path,switch_down,run_scenario_jellyfish_widest_path_switch_down_20260607_084642,h8,jellyfish/widest_path/switch_down/run_scenario_jellyfish_widest_path_switch_down_20260607_084642/h8.pcap,d6:e8:fc:3e:05:8c,01:80:c2:00:00:0e,,,,,,60
2026-06-07T08:56:18.567932+00:00,jellyfish,widest_path,switch_down,run_scenario_jellyfish_widest_path_switch_down_20260607_084642,h8,jellyfish/widest_path/switch_down/run_scenario_jellyfish_widest_path_switch_down_20260607_084642/h8.pcap,d6:e8:fc:3e:05:8c,01:80:c2:00:00:0e,,,,,,60
2026-06-07T08:56:20.611324+00:00,jellyfish,widest_path,switch_down,run_scenario_jellyfish_widest_path_switch_down_20260607_084642,h8,jellyfish/widest_path/switch_down/run_scenario_jellyfish_widest_path_switch_down_20260607_084642/h8.pcap,d6:e8:fc:3e:05:8c,01:80:c2:00:00:0e,,,,,,60
2026-06-07T08:56:25.401035+00:00,jellyfish,widest_path,switch_down,run_scenario_jellyfish_widest_path_switch_down_20260607_084642,h8,jellyfish/widest_path/switch_down/run_scenario_jellyfish_widest_path_switch_down_20260607_084642/h8.pcap,d6:e8:fc:3e:05:8c,01:80:c2:00:00:0e,,,,,,60
2026-06-07T08:56:27.431182+00:00,jellyfish,widest_path,switch_down,run_scenario_jellyfish_widest_path_switch_down_20260607_084642,h8,jellyfish/widest_path/switch_down/run_scenario_jellyfish_widest_path_switch_down_20260607_084642/h8.pcap,d6:e8:fc:3e:05:8c,01:80:c2:00:00:0e,,,,,,60
2026-06-07T08:56:29.519349+00:00,jellyfish,widest_path,switch_down,run_scenario_jellyfish_widest_path_switch_down_20260607_084642,h8,jellyfish/widest_path/switch_down/run_scenario_jellyfish_widest_path_switch_down_20260607_084642/h8.pcap,d6:e8:fc:3e:05:8c,01:80:c2:00:00:0e,,,,,,60
2026-06-07T08:56:31.581920+00:00,jellyfish,widest_path,switch_down,run_scenario_jellyfish_widest_path_switch_down_20260607_084642,h8,jellyfish/widest_path/switch_down/run_scenario_jellyfish_widest_path_switch_down_20260607_084642/h8.pcap,d6:e8:fc:3e:05:8c,01:80:c2:00:00:0e,,,,,,60
2026-06-07T08:56:33.622413+00:00,jellyfish,widest_path,switch_down,run_scenario_jellyfish_widest_path_switch_down_20260607_084642,h8,jellyfish/widest_path/switch_down/run_scenario_jellyfish_widest_path_switch_down_20260607_084642/h8.pcap,d6:e8:fc:3e:05:8c,01:80:c2:00:00:0e,,,,,,60
2026-06-07T08:56:35.663117+00:00,jellyfish,widest_path,switch_down,run_scenario_jellyfish_widest_path_switch_down_20260607_084642,h8,jellyfish/widest_path/switch_down/run_scenario_jellyfish_widest_path_switch_down_20260607_084642/h8.pcap,d6:e8:fc:3e:05:8c,01:80:c2:00:00:0e,,,,,,60
2026-06-07T08:56:37.741207+00:00,jellyfish,widest_path,switch_down,run_scenario_jellyfish_widest_path_switch_down_20260607_084642,h8,jellyfish/widest_path/switch_down/run_scenario_jellyfish_widest_path_switch_down_20260607_084642/h8.pcap,d6:e8:fc:3e:05:8c,01:80:c2:00:00:0e,,,,,,60
2026-06-07T08:56:38.619671+00:00,jellyfish,widest_path,switch_down,run_scenario_jellyfish_widest_path_switch_down_20260607_084642,h8,jellyfish/widest_path/switch_down/run_scenario_jellyfish_widest_path_switch_down_20260607_084642/h8.pcap,00:00:00:00:09:01,00:00:00:00:08:01,10.0.0.10,10.0.0.9,IP,,,96
2026-06-07T08:56:38.620612+00:00,jellyfish,widest_path,switch_down,run_scenario_jellyfish_widest_path_switch_down_20260607_084642,h8,jellyfish/widest_path/switch_down/run_scenario_jellyfish_widest_path_switch_down_20260607_084642/h8.pcap,00:00:00:00:08:01,00:00:00:00:09:01,10.0.0.9,10.0.0.10,IP,,,96
2026-06-07T08:56:39.775074+00:00,jellyfish,widest_path,switch_down,run_scenario_jellyfish_widest_path_switch_down_20260607_084642,h8,jellyfish/widest_path/switch_down/run_scenario_jellyfish_widest_path_switch_down_20260607_084642/h8.pcap,d6:e8:fc:3e:05:8c,01:80:c2:00:00:0e,,,,,,60
2026-06-07T08:56:41.806352+00:00,jellyfish,widest_path,switch_down,run_scenario_jellyfish_widest_path_switch_down_20260607_084642,h8,jellyfish/widest_path/switch_down/run_scenario_jellyfish_widest_path_switch_down_20260607_084642/h8.pcap,d6:e8:fc:3e:05:8c,01:80:c2:00:00:0e,,,,,,60
2026-06-07T08:56:43.837998+00:00,jellyfish,widest_path,switch_down,run_scenario_jellyfish_widest_path_switch_down_20260607_084642,h8,jellyfish/widest_path/switch_down/run_scenario_jellyfish_widest_path_switch_down_20260607_084642/h8.pcap,d6:e8:fc:3e:05:8c,01:80:c2:00:00:0e,,,,,,60
2026-06-07T08:56:45.872385+00:00,jellyfish,widest_path,switch_down,run_scenario_jellyfish_widest_path_switch_down_20260607_084642,h8,jellyfish/widest_path/switch_down/run_scenario_jellyfish_widest_path_switch_down_20260607_084642/h8.pcap,d6:e8:fc:3e:05:8c,01:80:c2:00:00:0e,,,,,,60
2026-06-07T08:56:47.903868+00:00,jellyfish,widest_path,switch_down,run_scenario_jellyfish_widest_path_switch_down_20260607_084642,h8,jellyfish/widest_path/switch_down/run_scenario_jellyfish_widest_path_switch_down_20260607_084642/h8.pcap,d6:e8:fc:3e:05:8c,01:80:c2:00:00:0e,,,,,,60
2026-06-07T08:56:49.935911+00:00,jellyfish,widest_path,switch_down,run_scenario_jellyfish_widest_path_switch_down_20260607_084642,h8,jellyfish/widest_path/switch_down/run_scenario_jellyfish_widest_path_switch_down_20260607_084642/h8.pcap,d6:e8:fc:3e:05:8c,01:80:c2:00:00:0e,,,,,,60
2026-06-07T08:56:51.968285+00:00,jellyfish,widest_path,switch_down,run_scenario_jellyfish_widest_path_switch_down_20260607_084642,h8,jellyfish/widest_path/switch_down/run_scenario_jellyfish_widest_path_switch_down_20260607_084642/h8.pcap,d6:e8:fc:3e:05:8c,01:80:c2:00:00:0e,,,,,,60
2026-06-07T08:56:54.002829+00:00,jellyfish,widest_path,switch_down,run_scenario_jellyfish_widest_path_switch_down_20260607_084642,h8,jellyfish/widest_path/switch_down/run_scenario_jellyfish_widest_path_switch_down_20260607_084642/h8.pcap,d6:e8:fc:3e:05:8c,01:80:c2:00:00:0e,,,,,,60
2026-06-07T08:56:58.758315+00:00,jellyfish,widest_path,switch_down,run_scenario_jellyfish_widest_path_switch_down_20260607_084642,h8,jellyfish/widest_path/switch_down/run_scenario_jellyfish_widest_path_switch_down_20260607_084642/h8.pcap,d6:e8:fc:3e:05:8c,01:80:c2:00:00:0e,,,,,,60
2026-06-07T08:57:00.791896+00:00,jellyfish,widest_path,switch_down,run_scenario_jellyfish_widest_path_switch_down_20260607_084642,h8,jellyfish/widest_path/switch_down/run_scenario_jellyfish_widest_path_switch_down_20260607_084642/h8.pcap,d6:e8:fc:3e:05:8c,01:80:c2:00:00:0e,,,,,,60
2026-06-07T08:57:02.826202+00:00,jellyfish,widest_path,switch_down,run_scenario_jellyfish_widest_path_switch_down_20260607_084642,h8,jellyfish/widest_path/switch_down/run_scenario_jellyfish_widest_path_switch_down_20260607_084642/h8.pcap,d6:e8:fc:3e:05:8c,01:80:c2:00:00:0e,,,,,,60
2026-06-07T08:57:04.947189+00:00,jellyfish,widest_path,switch_down,run_scenario_jellyfish_widest_path_switch_down_20260607_084642,h8,jellyfish/widest_path/switch_down/run_scenario_jellyfish_widest_path_switch_down_20260607_084642/h8.pcap,d6:e8:fc:3e:05:8c,01:80:c2:00:00:0e,,,,,,60
2026-06-07T08:57:06.988309+00:00,jellyfish,widest_path,switch_down,run_scenario_jellyfish_widest_path_switch_down_20260607_084642,h8,jellyfish/widest_path/switch_down/run_scenario_jellyfish_widest_path_switch_down_20260607_084642/h8.pcap,d6:e8:fc:3e:05:8c,01:80:c2:00:00:0e,,,,,,60
2026-06-07T08:57:09.024027+00:00,jellyfish,widest_path,switch_down,run_scenario_jellyfish_widest_path_switch_down_20260607_084642,h8,jellyfish/widest_path/switch_down/run_scenario_jellyfish_widest_path_switch_down_20260607_084642/h8.pcap,d6:e8:fc:3e:05:8c,01:80:c2:00:00:0e,,,,,,60
2026-06-07T08:57:11.054048+00:00,jellyfish,widest_path,switch_down,run_scenario_jellyfish_widest_path_switch_down_20260607_084642,h8,jellyfish/widest_path/switch_down/run_scenario_jellyfish_widest_path_switch_down_20260607_084642/h8.pcap,d6:e8:fc:3e:05:8c,01:80:c2:00:00:0e,,,,,,60
2026-06-07T08:57:13.086613+00:00,jellyfish,widest_path,switch_down,run_scenario_jellyfish_widest_path_switch_down_20260607_084642,h8,jellyfish/widest_path/switch_down/run_scenario_jellyfish_widest_path_switch_down_20260607_084642/h8.pcap,d6:e8:fc:3e:05:8c,01:80:c2:00:00:0e,,,,,,60
2026-06-07T08:57:15.119844+00:00,jellyfish,widest_path,switch_down,run_scenario_jellyfish_widest_path_switch_down_20260607_084642,h8,jellyfish/widest_path/switch_down/run_scenario_jellyfish_widest_path_switch_down_20260607_084642/h8.pcap,d6:e8:fc:3e:05:8c,01:80:c2:00:00:0e,,,,,,60
2026-06-07T08:57:17.152551+00:00,jellyfish,widest_path,switch_down,run_scenario_jellyfish_widest_path_switch_down_20260607_084642,h8,jellyfish/widest_path/switch_down/run_scenario_jellyfish_widest_path_switch_down_20260607_084642/h8.pcap,d6:e8:fc:3e:05:8c,01:80:c2:00:00:0e,,,,,,60
2026-06-07T08:57:19.188426+00:00,jellyfish,widest_path,switch_down,run_scenario_jellyfish_widest_path_switch_down_20260607_084642,h8,jellyfish/widest_path/switch_down/run_scenario_jellyfish_widest_path_switch_down_20260607_084642/h8.pcap,d6:e8:fc:3e:05:8c,01:80:c2:00:00:0e,,,,,,60
2026-06-07T08:57:21.225905+00:00,jellyfish,widest_path,switch_down,run_scenario_jellyfish_widest_path_switch_down_20260607_084642,h8,jellyfish/widest_path/switch_down/run_scenario_jellyfish_widest_path_switch_down_20260607_084642/h8.pcap,d6:e8:fc:3e:05:8c,01:80:c2:00:00:0e,,,,,,60
2026-06-07T08:57:23.262993+00:00,jellyfish,widest_path,switch_down,run_scenario_jellyfish_widest_path_switch_down_20260607_084642,h8,jellyfish/widest_path/switch_down/run_scenario_jellyfish_widest_path_switch_down_20260607_084642/h8.pcap,d6:e8:fc:3e:05:8c,01:80:c2:00:00:0e,,,,,,60
2026-06-07T08:57:25.297308+00:00,jellyfish,widest_path,switch_down,run_scenario_jellyfish_widest_path_switch_down_20260607_084642,h8,jellyfish/widest_path/switch_down/run_scenario_jellyfish_widest_path_switch_down_20260607_084642/h8.pcap,d6:e8:fc:3e:05:8c,01:80:c2:00:00:0e,,,,,,60
2026-06-07T08:57:30.062638+00:00,jellyfish,widest_path,switch_down,run_scenario_jellyfish_widest_path_switch_down_20260607_084642,h8,jellyfish/widest_path/switch_down/run_scenario_jellyfish_widest_path_switch_down_20260607_084642/h8.pcap,d6:e8:fc:3e:05:8c,01:80:c2:00:00:0e,,,,,,60
2026-06-07T08:57:32.103345+00:00,jellyfish,widest_path,switch_down,run_scenario_jellyfish_widest_path_switch_down_20260607_084642,h8,jellyfish/widest_path/switch_down/run_scenario_jellyfish_widest_path_switch_down_20260607_084642/h8.pcap,d6:e8:fc:3e:05:8c,01:80:c2:00:00:0e,,,,,,60
2026-06-07T08:57:34.141883+00:00,jellyfish,widest_path,switch_down,run_scenario_jellyfish_widest_path_switch_down_20260607_084642,h8,jellyfish/widest_path/switch_down/run_scenario_jellyfish_widest_path_switch_down_20260607_084642/h8.pcap,d6:e8:fc:3e:05:8c,01:80:c2:00:00:0e,,,,,,60
2026-06-07T08:57:36.176090+00:00,jellyfish,widest_path,switch_down,run_scenario_jellyfish_widest_path_switch_down_20260607_084642,h8,jellyfish/widest_path/switch_down/run_scenario_jellyfish_widest_path_switch_down_20260607_084642/h8.pcap,d6:e8:fc:3e:05:8c,01:80:c2:00:00:0e,,,,,,60
2026-06-07T08:57:38.214274+00:00,jellyfish,widest_path,switch_down,run_scenario_jellyfish_widest_path_switch_down_20260607_084642,h8,jellyfish/widest_path/switch_down/run_scenario_jellyfish_widest_path_switch_down_20260607_084642/h8.pcap,d6:e8:fc:3e:05:8c,01:80:c2:00:00:0e,,,,,,60
2026-06-07T08:57:40.250783+00:00,jellyfish,widest_path,switch_down,run_scenario_jellyfish_widest_path_switch_down_20260607_084642,h8,jellyfish/widest_path/switch_down/run_scenario_jellyfish_widest_path_switch_down_20260607_084642/h8.pcap,d6:e8:fc:3e:05:8c,01:80:c2:00:00:0e,,,,,,60
2026-06-07T08:57:42.287592+00:00,jellyfish,widest_path,switch_down,run_scenario_jellyfish_widest_path_switch_down_20260607_084642,h8,jellyfish/widest_path/switch_down/run_scenario_jellyfish_widest_path_switch_down_20260607_084642/h8.pcap,d6:e8:fc:3e:05:8c,01:80:c2:00:00:0e,,,,,,60
2026-06-07T08:57:44.324683+00:00,jellyfish,widest_path,switch_down,run_scenario_jellyfish_widest_path_switch_down_20260607_084642,h8,jellyfish/widest_path/switch_down/run_scenario_jellyfish_widest_path_switch_down_20260607_084642/h8.pcap,d6:e8:fc:3e:05:8c,01:80:c2:00:00:0e,,,,,,60
2026-06-07T08:57:46.359132+00:00,jellyfish,widest_path,switch_down,run_scenario_jellyfish_widest_path_switch_down_20260607_084642,h8,jellyfish/widest_path/switch_down/run_scenario_jellyfish_widest_path_switch_down_20260607_084642/h8.pcap,d6:e8:fc:3e:05:8c,01:80:c2:00:00:0e,,,,,,60
2026-06-07T08:57:48.393480+00:00,jellyfish,widest_path,switch_down,run_scenario_jellyfish_widest_path_switch_down_20260607_084642,h8,jellyfish/widest_path/switch_down/run_scenario_jellyfish_widest_path_switch_down_20260607_084642/h8.pcap,d6:e8:fc:3e:05:8c,01:80:c2:00:00:0e,,,,,,60
2026-06-07T08:57:50.426415+00:00,jellyfish,widest_path,switch_down,run_scenario_jellyfish_widest_path_switch_down_20260607_084642,h8,jellyfish/widest_path/switch_down/run_scenario_jellyfish_widest_path_switch_down_20260607_084642/h8.pcap,d6:e8:fc:3e:05:8c,01:80:c2:00:00:0e,,,,,,60
2026-06-07T08:57:52.515893+00:00,jellyfish,widest_path,switch_down,run_scenario_jellyfish_widest_path_switch_down_20260607_084642,h8,jellyfish/widest_path/switch_down/run_scenario_jellyfish_widest_path_switch_down_20260607_084642/h8.pcap,d6:e8:fc:3e:05:8c,01:80:c2:00:00:0e,,,,,,60
2026-06-07T08:57:54.600774+00:00,jellyfish,widest_path,switch_down,run_scenario_jellyfish_widest_path_switch_down_20260607_084642,h8,jellyfish/widest_path/switch_down/run_scenario_jellyfish_widest_path_switch_down_20260607_084642/h8.pcap,d6:e8:fc:3e:05:8c,01:80:c2:00:00:0e,,,,,,60
2026-06-07T08:57:56.631041+00:00,jellyfish,widest_path,switch_down,run_scenario_jellyfish_widest_path_switch_down_20260607_084642,h8,jellyfish/widest_path/switch_down/run_scenario_jellyfish_widest_path_switch_down_20260607_084642/h8.pcap,d6:e8:fc:3e:05:8c,01:80:c2:00:00:0e,,,,,,60
2026-06-07T08:57:58.662798+00:00,jellyfish,widest_path,switch_down,run_scenario_jellyfish_widest_path_switch_down_20260607_084642,h8,jellyfish/widest_path/switch_down/run_scenario_jellyfish_widest_path_switch_down_20260607_084642/h8.pcap,d6:e8:fc:3e:05:8c,01:80:c2:00:00:0e,,,,,,60
2026-06-07T08:58:03.422504+00:00,jellyfish,widest_path,switch_down,run_scenario_jellyfish_widest_path_switch_down_20260607_084642,h8,jellyfish/widest_path/switch_down/run_scenario_jellyfish_widest_path_switch_down_20260607_084642/h8.pcap,d6:e8:fc:3e:05:8c,01:80:c2:00:00:0e,,,,,,60
2026-06-07T08:58:05.454173+00:00,jellyfish,widest_path,switch_down,run_scenario_jellyfish_widest_path_switch_down_20260607_084642,h8,jellyfish/widest_path/switch_down/run_scenario_jellyfish_widest_path_switch_down_20260607_084642/h8.pcap,d6:e8:fc:3e:05:8c,01:80:c2:00:00:0e,,,,,,60
2026-06-07T08:58:07.484270+00:00,jellyfish,widest_path,switch_down,run_scenario_jellyfish_widest_path_switch_down_20260607_084642,h8,jellyfish/widest_path/switch_down/run_scenario_jellyfish_widest_path_switch_down_20260607_084642/h8.pcap,d6:e8:fc:3e:05:8c,01:80:c2:00:00:0e,,,,,,60
2026-06-07T08:58:09.517663+00:00,jellyfish,widest_path,switch_down,run_scenario_jellyfish_widest_path_switch_down_20260607_084642,h8,jellyfish/widest_path/switch_down/run_scenario_jellyfish_widest_path_switch_down_20260607_084642/h8.pcap,d6:e8:fc:3e:05:8c,01:80:c2:00:00:0e,,,,,,60
2026-06-07T08:58:11.553360+00:00,jellyfish,widest_path,switch_down,run_scenario_jellyfish_widest_path_switch_down_20260607_084642,h8,jellyfish/widest_path/switch_down/run_scenario_jellyfish_widest_path_switch_down_20260607_084642/h8.pcap,d6:e8:fc:3e:05:8c,01:80:c2:00:00:0e,,,,,,60
2026-06-07T08:58:13.589074+00:00,jellyfish,widest_path,switch_down,run_scenario_jellyfish_widest_path_switch_down_20260607_084642,h8,jellyfish/widest_path/switch_down/run_scenario_jellyfish_widest_path_switch_down_20260607_084642/h8.pcap,d6:e8:fc:3e:05:8c,01:80:c2:00:00:0e,,,,,,60
2026-06-07T08:58:15.623791+00:00,jellyfish,widest_path,switch_down,run_scenario_jellyfish_widest_path_switch_down_20260607_084642,h8,jellyfish/widest_path/switch_down/run_scenario_jellyfish_widest_path_switch_down_20260607_084642/h8.pcap,d6:e8:fc:3e:05:8c,01:80:c2:00:00:0e,,,,,,60
2026-06-07T08:58:17.655190+00:00,jellyfish,widest_path,switch_down,run_scenario_jellyfish_widest_path_switch_down_20260607_084642,h8,jellyfish/widest_path/switch_down/run_scenario_jellyfish_widest_path_switch_down_20260607_084642/h8.pcap,d6:e8:fc:3e:05:8c,01:80:c2:00:00:0e,,,,,,60
2026-06-07T08:58:19.690946+00:00,jellyfish,widest_path,switch_down,run_scenario_jellyfish_widest_path_switch_down_20260607_084642,h8,jellyfish/widest_path/switch_down/run_scenario_jellyfish_widest_path_switch_down_20260607_084642/h8.pcap,d6:e8:fc:3e:05:8c,01:80:c2:00:00:0e,,,,,,60
2026-06-07T08:58:21.729381+00:00,jellyfish,widest_path,switch_down,run_scenario_jellyfish_widest_path_switch_down_20260607_084642,h8,jellyfish/widest_path/switch_down/run_scenario_jellyfish_widest_path_switch_down_20260607_084642/h8.pcap,d6:e8:fc:3e:05:8c,01:80:c2:00:00:0e,,,,,,60
2026-06-07T08:58:23.767067+00:00,jellyfish,widest_path,switch_down,run_scenario_jellyfish_widest_path_switch_down_20260607_084642,h8,jellyfish/widest_path/switch_down/run_scenario_jellyfish_widest_path_switch_down_20260607_084642/h8.pcap,d6:e8:fc:3e:05:8c,01:80:c2:00:00:0e,,,,,,60
2026-06-07T08:58:25.799539+00:00,jellyfish,widest_path,switch_down,run_scenario_jellyfish_widest_path_switch_down_20260607_084642,h8,jellyfish/widest_path/switch_down/run_scenario_jellyfish_widest_path_switch_down_20260607_084642/h8.pcap,d6:e8:fc:3e:05:8c,01:80:c2:00:00:0e,,,,,,60
2026-06-07T08:58:27.830946+00:00,jellyfish,widest_path,switch_down,run_scenario_jellyfish_widest_path_switch_down_20260607_084642,h8,jellyfish/widest_path/switch_down/run_scenario_jellyfish_widest_path_switch_down_20260607_084642/h8.pcap,d6:e8:fc:3e:05:8c,01:80:c2:00:00:0e,,,,,,60
2026-06-07T08:58:29.863029+00:00,jellyfish,widest_path,switch_down,run_scenario_jellyfish_widest_path_switch_down_20260607_084642,h8,jellyfish/widest_path/switch_down/run_scenario_jellyfish_widest_path_switch_down_20260607_084642/h8.pcap,d6:e8:fc:3e:05:8c,01:80:c2:00:00:0e,,,,,,60
2026-06-07T08:58:31.893024+00:00,jellyfish,widest_path,switch_down,run_scenario_jellyfish_widest_path_switch_down_20260607_084642,h8,jellyfish/widest_path/switch_down/run_scenario_jellyfish_widest_path_switch_down_20260607_084642/h8.pcap,d6:e8:fc:3e:05:8c,01:80:c2:00:00:0e,,,,,,60
2026-06-07T08:58:36.651256+00:00,jellyfish,widest_path,switch_down,run_scenario_jellyfish_widest_path_switch_down_20260607_084642,h8,jellyfish/widest_path/switch_down/run_scenario_jellyfish_widest_path_switch_down_20260607_084642/h8.pcap,d6:e8:fc:3e:05:8c,01:80:c2:00:00:0e,,,,,,60
2026-06-07T08:58:38.683455+00:00,jellyfish,widest_path,switch_down,run_scenario_jellyfish_widest_path_switch_down_20260607_084642,h8,jellyfish/widest_path/switch_down/run_scenario_jellyfish_widest_path_switch_down_20260607_084642/h8.pcap,d6:e8:fc:3e:05:8c,01:80:c2:00:00:0e,,,,,,60
2026-06-07T08:58:40.714769+00:00,jellyfish,widest_path,switch_down,run_scenario_jellyfish_widest_path_switch_down_20260607_084642,h8,jellyfish/widest_path/switch_down/run_scenario_jellyfish_widest_path_switch_down_20260607_084642/h8.pcap,d6:e8:fc:3e:05:8c,01:80:c2:00:00:0e,,,,,,60
2026-06-07T08:58:42.747262+00:00,jellyfish,widest_path,switch_down,run_scenario_jellyfish_widest_path_switch_down_20260607_084642,h8,jellyfish/widest_path/switch_down/run_scenario_jellyfish_widest_path_switch_down_20260607_084642/h8.pcap,d6:e8:fc:3e:05:8c,01:80:c2:00:00:0e,,,,,,60
2026-06-07T08:58:44.781354+00:00,jellyfish,widest_path,switch_down,run_scenario_jellyfish_widest_path_switch_down_20260607_084642,h8,jellyfish/widest_path/switch_down/run_scenario_jellyfish_widest_path_switch_down_20260607_084642/h8.pcap,d6:e8:fc:3e:05:8c,01:80:c2:00:00:0e,,,,,,60
2026-06-07T08:58:46.815274+00:00,jellyfish,widest_path,switch_down,run_scenario_jellyfish_widest_path_switch_down_20260607_084642,h8,jellyfish/widest_path/switch_down/run_scenario_jellyfish_widest_path_switch_down_20260607_084642/h8.pcap,d6:e8:fc:3e:05:8c,01:80:c2:00:00:0e,,,,,,60
2026-06-07T08:58:48.845123+00:00,jellyfish,widest_path,switch_down,run_scenario_jellyfish_widest_path_switch_down_20260607_084642,h8,jellyfish/widest_path/switch_down/run_scenario_jellyfish_widest_path_switch_down_20260607_084642/h8.pcap,d6:e8:fc:3e:05:8c,01:80:c2:00:00:0e,,,,,,60
2026-06-07T08:58:50.874410+00:00,jellyfish,widest_path,switch_down,run_scenario_jellyfish_widest_path_switch_down_20260607_084642,h8,jellyfish/widest_path/switch_down/run_scenario_jellyfish_widest_path_switch_down_20260607_084642/h8.pcap,d6:e8:fc:3e:05:8c,01:80:c2:00:00:0e,,,,,,60
2026-06-07T08:58:52.906192+00:00,jellyfish,widest_path,switch_down,run_scenario_jellyfish_widest_path_switch_down_20260607_084642,h8,jellyfish/widest_path/switch_down/run_scenario_jellyfish_widest_path_switch_down_20260607_084642/h8.pcap,d6:e8:fc:3e:05:8c,01:80:c2:00:00:0e,,,,,,60
2026-06-07T08:58:54.936753+00:00,jellyfish,widest_path,switch_down,run_scenario_jellyfish_widest_path_switch_down_20260607_084642,h8,jellyfish/widest_path/switch_down/run_scenario_jellyfish_widest_path_switch_down_20260607_084642/h8.pcap,d6:e8:fc:3e:05:8c,01:80:c2:00:00:0e,,,,,,60
2026-06-07T08:58:56.968542+00:00,jellyfish,widest_path,switch_down,run_scenario_jellyfish_widest_path_switch_down_20260607_084642,h8,jellyfish/widest_path/switch_down/run_scenario_jellyfish_widest_path_switch_down_20260607_084642/h8.pcap,d6:e8:fc:3e:05:8c,01:80:c2:00:00:0e,,,,,,60
2026-06-07T08:58:58.999393+00:00,jellyfish,widest_path,switch_down,run_scenario_jellyfish_widest_path_switch_down_20260607_084642,h8,jellyfish/widest_path/switch_down/run_scenario_jellyfish_widest_path_switch_down_20260607_084642/h8.pcap,d6:e8:fc:3e:05:8c,01:80:c2:00:00:0e,,,,,,60
2026-06-07T08:59:01.032214+00:00,jellyfish,widest_path,switch_down,run_scenario_jellyfish_widest_path_switch_down_20260607_084642,h8,jellyfish/widest_path/switch_down/run_scenario_jellyfish_widest_path_switch_down_20260607_084642/h8.pcap,d6:e8:fc:3e:05:8c,01:80:c2:00:00:0e,,,,,,60
2026-06-07T08:59:03.066703+00:00,jellyfish,widest_path,switch_down,run_scenario_jellyfish_widest_path_switch_down_20260607_084642,h8,jellyfish/widest_path/switch_down/run_scenario_jellyfish_widest_path_switch_down_20260607_084642/h8.pcap,d6:e8:fc:3e:05:8c,01:80:c2:00:00:0e,,,,,,60
2026-06-07T08:59:04.383212+00:00,jellyfish,widest_path,switch_down,run_scenario_jellyfish_widest_path_switch_down_20260607_084642,h8,jellyfish/widest_path/switch_down/run_scenario_jellyfish_widest_path_switch_down_20260607_084642/h8.pcap,d6:e8:fc:3e:05:8c,01:80:c2:00:00:0e,,,,,,60
2026-06-07T08:59:09.865858+00:00,jellyfish,widest_path,switch_down,run_scenario_jellyfish_widest_path_switch_down_20260607_084642,h8,jellyfish/widest_path/switch_down/run_scenario_jellyfish_widest_path_switch_down_20260607_084642/h8.pcap,d6:e8:fc:3e:05:8c,01:80:c2:00:00:0e,,,,,,60
2026-06-07T08:59:11.900050+00:00,jellyfish,widest_path,switch_down,run_scenario_jellyfish_widest_path_switch_down_20260607_084642,h8,jellyfish/widest_path/switch_down/run_scenario_jellyfish_widest_path_switch_down_20260607_084642/h8.pcap,d6:e8:fc:3e:05:8c,01:80:c2:00:00:0e,,,,,,60
